-- Cooperative
INSERT INTO train_cooperative (cooperative_id, name, phone, logo) VALUES (1, 'ریل ایران', '02188888888', NULL);
INSERT INTO train_cooperative (cooperative_id, name, phone, logo) VALUES (2, 'قطار وطن', '02177777777', NULL);

-- Trains
INSERT INTO train_train (train_id, stars, compartment_capacity, compartment_count) VALUES (1, 5, 6, 10);
INSERT INTO train_train (train_id, stars, compartment_capacity, compartment_count) VALUES (2, 4, 4, 20);
INSERT INTO train_train (train_id, stars, compartment_capacity, compartment_count) VALUES (3, 3, 6, 10);

-- RouteEdges and Routes
INSERT INTO train_routeedge (route_edge_id, origin_city, dest_city, duration) VALUES (1, 'ارومیه', 'مهاباد', 7200);
INSERT INTO train_routeedge (route_edge_id, origin_city, dest_city, duration) VALUES (2, 'مهاباد', 'میاندوآب', 7200);
INSERT INTO train_routeedge (route_edge_id, origin_city, dest_city, duration) VALUES (3, 'میاندوآب', 'مراغه', 7200);
INSERT INTO train_routeedge (route_edge_id, origin_city, dest_city, duration) VALUES (4, 'مراغه', 'زنجان', 7200);
INSERT INTO train_routeedge (route_edge_id, origin_city, dest_city, duration) VALUES (5, 'زنجان', 'قزوین', 7200);
INSERT INTO train_routeedge (route_edge_id, origin_city, dest_city, duration) VALUES (6, 'قزوین', 'تهران', 7200);
INSERT INTO train_route (route_id, origin_city, dest_city, edge_identifiers) VALUES (1, 'ارومیه', 'تهران', '[1, 2, 3, 4, 5, 6]');
INSERT INTO train_routeedge (route_edge_id, origin_city, dest_city, duration) VALUES (7, 'تهران', 'قزوین', 7200);
INSERT INTO train_routeedge (route_edge_id, origin_city, dest_city, duration) VALUES (8, 'قزوین', 'زنجان', 7200);
INSERT INTO train_routeedge (route_edge_id, origin_city, dest_city, duration) VALUES (9, 'زنجان', 'مراغه', 7200);
INSERT INTO train_routeedge (route_edge_id, origin_city, dest_city, duration) VALUES (10, 'مراغه', 'میاندوآب', 7200);
INSERT INTO train_routeedge (route_edge_id, origin_city, dest_city, duration) VALUES (11, 'میاندوآب', 'مهاباد', 7200);
INSERT INTO train_routeedge (route_edge_id, origin_city, dest_city, duration) VALUES (12, 'مهاباد', 'ارومیه', 7200);
INSERT INTO train_route (route_id, origin_city, dest_city, edge_identifiers) VALUES (2, 'تهران', 'ارومیه', '[7, 8, 9, 10, 11, 12]');
INSERT INTO train_routeedge (route_edge_id, origin_city, dest_city, duration) VALUES (13, 'ارومیه', 'تبریز', 7200);
INSERT INTO train_routeedge (route_edge_id, origin_city, dest_city, duration) VALUES (14, 'تبریز', 'زنجان', 7200);
INSERT INTO train_routeedge (route_edge_id, origin_city, dest_city, duration) VALUES (15, 'زنجان', 'قزوین', 7200);
INSERT INTO train_routeedge (route_edge_id, origin_city, dest_city, duration) VALUES (16, 'قزوین', 'تهران', 7200);
INSERT INTO train_routeedge (route_edge_id, origin_city, dest_city, duration) VALUES (17, 'تهران', 'سمنان', 7200);
INSERT INTO train_routeedge (route_edge_id, origin_city, dest_city, duration) VALUES (18, 'سمنان', 'نیشابور', 7200);
INSERT INTO train_routeedge (route_edge_id, origin_city, dest_city, duration) VALUES (19, 'نیشابور', 'مشهد', 7200);
INSERT INTO train_route (route_id, origin_city, dest_city, edge_identifiers) VALUES (3, 'ارومیه', 'مشهد', '[13, 14, 15, 16, 17, 18, 19]');
INSERT INTO train_routeedge (route_edge_id, origin_city, dest_city, duration) VALUES (20, 'مشهد', 'نیشابور', 7200);
INSERT INTO train_routeedge (route_edge_id, origin_city, dest_city, duration) VALUES (21, 'نیشابور', 'سمنان', 7200);
INSERT INTO train_routeedge (route_edge_id, origin_city, dest_city, duration) VALUES (22, 'سمنان', 'تهران', 7200);
INSERT INTO train_routeedge (route_edge_id, origin_city, dest_city, duration) VALUES (23, 'تهران', 'قزوین', 7200);
INSERT INTO train_routeedge (route_edge_id, origin_city, dest_city, duration) VALUES (24, 'قزوین', 'زنجان', 7200);
INSERT INTO train_routeedge (route_edge_id, origin_city, dest_city, duration) VALUES (25, 'زنجان', 'تبریز', 7200);
INSERT INTO train_routeedge (route_edge_id, origin_city, dest_city, duration) VALUES (26, 'تبریز', 'ارومیه', 7200);
INSERT INTO train_route (route_id, origin_city, dest_city, edge_identifiers) VALUES (4, 'مشهد', 'ارومیه', '[20, 21, 22, 23, 24, 25, 26]');
INSERT INTO train_routeedge (route_edge_id, origin_city, dest_city, duration) VALUES (27, 'تبریز', 'زنجان', 7200);
INSERT INTO train_routeedge (route_edge_id, origin_city, dest_city, duration) VALUES (28, 'زنجان', 'قزوین', 7200);
INSERT INTO train_routeedge (route_edge_id, origin_city, dest_city, duration) VALUES (29, 'قزوین', 'کرج', 7200);
INSERT INTO train_routeedge (route_edge_id, origin_city, dest_city, duration) VALUES (30, 'کرج', 'تهران', 7200);
INSERT INTO train_route (route_id, origin_city, dest_city, edge_identifiers) VALUES (5, 'تبریز', 'تهران', '[27, 28, 29, 30]');
INSERT INTO train_routeedge (route_edge_id, origin_city, dest_city, duration) VALUES (31, 'تهران', 'کرج', 7200);
INSERT INTO train_routeedge (route_edge_id, origin_city, dest_city, duration) VALUES (32, 'کرج', 'قزوین', 7200);
INSERT INTO train_routeedge (route_edge_id, origin_city, dest_city, duration) VALUES (33, 'قزوین', 'زنجان', 7200);
INSERT INTO train_routeedge (route_edge_id, origin_city, dest_city, duration) VALUES (34, 'زنجان', 'تبریز', 7200);
INSERT INTO train_route (route_id, origin_city, dest_city, edge_identifiers) VALUES (6, 'تهران', 'تبریز', '[31, 32, 33, 34]');
INSERT INTO train_routeedge (route_edge_id, origin_city, dest_city, duration) VALUES (35, 'تهران', 'قم', 7200);
INSERT INTO train_routeedge (route_edge_id, origin_city, dest_city, duration) VALUES (36, 'قم', 'اصفهان', 7200);
INSERT INTO train_routeedge (route_edge_id, origin_city, dest_city, duration) VALUES (37, 'اصفهان', 'یزد', 7200);
INSERT INTO train_routeedge (route_edge_id, origin_city, dest_city, duration) VALUES (38, 'یزد', 'سیرجان', 7200);
INSERT INTO train_routeedge (route_edge_id, origin_city, dest_city, duration) VALUES (39, 'سیرجان', 'بندرعباس', 7200);
INSERT INTO train_route (route_id, origin_city, dest_city, edge_identifiers) VALUES (7, 'تهران', 'بندرعباس', '[35, 36, 37, 38, 39]');
INSERT INTO train_routeedge (route_edge_id, origin_city, dest_city, duration) VALUES (40, 'بندرعباس', 'سیرجان', 7200);
INSERT INTO train_routeedge (route_edge_id, origin_city, dest_city, duration) VALUES (41, 'سیرجان', 'یزد', 7200);
INSERT INTO train_routeedge (route_edge_id, origin_city, dest_city, duration) VALUES (42, 'یزد', 'اصفهان', 7200);
INSERT INTO train_routeedge (route_edge_id, origin_city, dest_city, duration) VALUES (43, 'اصفهان', 'قم', 7200);
INSERT INTO train_routeedge (route_edge_id, origin_city, dest_city, duration) VALUES (44, 'قم', 'تهران', 7200);
INSERT INTO train_route (route_id, origin_city, dest_city, edge_identifiers) VALUES (8, 'بندرعباس', 'تهران', '[40, 41, 42, 43, 44]');
INSERT INTO train_routeedge (route_edge_id, origin_city, dest_city, duration) VALUES (45, 'تهران', 'قم', 7200);
INSERT INTO train_routeedge (route_edge_id, origin_city, dest_city, duration) VALUES (46, 'قم', 'کاشان', 7200);
INSERT INTO train_routeedge (route_edge_id, origin_city, dest_city, duration) VALUES (47, 'کاشان', 'اصفهان', 7200);
INSERT INTO train_routeedge (route_edge_id, origin_city, dest_city, duration) VALUES (48, 'اصفهان', 'آباده', 7200);
INSERT INTO train_routeedge (route_edge_id, origin_city, dest_city, duration) VALUES (49, 'آباده', 'صفاشهر', 7200);
INSERT INTO train_routeedge (route_edge_id, origin_city, dest_city, duration) VALUES (50, 'صفاشهر', 'شیراز', 7200);
INSERT INTO train_route (route_id, origin_city, dest_city, edge_identifiers) VALUES (9, 'تهران', 'شیراز', '[45, 46, 47, 48, 49, 50]');
INSERT INTO train_routeedge (route_edge_id, origin_city, dest_city, duration) VALUES (51, 'شیراز', 'صفاشهر', 7200);
INSERT INTO train_routeedge (route_edge_id, origin_city, dest_city, duration) VALUES (52, 'صفاشهر', 'آباده', 7200);
INSERT INTO train_routeedge (route_edge_id, origin_city, dest_city, duration) VALUES (53, 'آباده', 'اصفهان', 7200);
INSERT INTO train_routeedge (route_edge_id, origin_city, dest_city, duration) VALUES (54, 'اصفهان', 'کاشان', 7200);
INSERT INTO train_routeedge (route_edge_id, origin_city, dest_city, duration) VALUES (55, 'کاشان', 'قم', 7200);
INSERT INTO train_routeedge (route_edge_id, origin_city, dest_city, duration) VALUES (56, 'قم', 'تهران', 7200);
INSERT INTO train_route (route_id, origin_city, dest_city, edge_identifiers) VALUES (10, 'شیراز', 'تهران', '[51, 52, 53, 54, 55, 56]');
INSERT INTO train_routeedge (route_edge_id, origin_city, dest_city, duration) VALUES (57, 'اهواز', 'اراک', 7200);
INSERT INTO train_routeedge (route_edge_id, origin_city, dest_city, duration) VALUES (58, 'اراک', 'قم', 7200);
INSERT INTO train_routeedge (route_edge_id, origin_city, dest_city, duration) VALUES (59, 'قم', 'سمنان', 7200);
INSERT INTO train_routeedge (route_edge_id, origin_city, dest_city, duration) VALUES (60, 'سمنان', 'سبزوار', 7200);
INSERT INTO train_routeedge (route_edge_id, origin_city, dest_city, duration) VALUES (61, 'سبزوار', 'مشهد', 7200);
INSERT INTO train_route (route_id, origin_city, dest_city, edge_identifiers) VALUES (11, 'اهواز', 'مشهد', '[57, 58, 59, 60, 61]');
INSERT INTO train_routeedge (route_edge_id, origin_city, dest_city, duration) VALUES (62, 'مشهد', 'سبزوار', 7200);
INSERT INTO train_routeedge (route_edge_id, origin_city, dest_city, duration) VALUES (63, 'سبزوار', 'سمنان', 7200);
INSERT INTO train_routeedge (route_edge_id, origin_city, dest_city, duration) VALUES (64, 'سمنان', 'قم', 7200);
INSERT INTO train_routeedge (route_edge_id, origin_city, dest_city, duration) VALUES (65, 'قم', 'اراک', 7200);
INSERT INTO train_routeedge (route_edge_id, origin_city, dest_city, duration) VALUES (66, 'اراک', 'اهواز', 7200);
INSERT INTO train_route (route_id, origin_city, dest_city, edge_identifiers) VALUES (12, 'مشهد', 'اهواز', '[62, 63, 64, 65, 66]');
INSERT INTO train_routeedge (route_edge_id, origin_city, dest_city, duration) VALUES (67, 'تبریز', 'زنجان', 7200);
INSERT INTO train_routeedge (route_edge_id, origin_city, dest_city, duration) VALUES (68, 'زنجان', 'قزوین', 7200);
INSERT INTO train_routeedge (route_edge_id, origin_city, dest_city, duration) VALUES (69, 'قزوین', 'تهران', 7200);
INSERT INTO train_routeedge (route_edge_id, origin_city, dest_city, duration) VALUES (70, 'تهران', 'شاهرود', 7200);
INSERT INTO train_routeedge (route_edge_id, origin_city, dest_city, duration) VALUES (71, 'شاهرود', 'نیشابور', 7200);
INSERT INTO train_routeedge (route_edge_id, origin_city, dest_city, duration) VALUES (72, 'نیشابور', 'مشهد', 7200);
INSERT INTO train_route (route_id, origin_city, dest_city, edge_identifiers) VALUES (13, 'تبریز', 'مشهد', '[67, 68, 69, 70, 71, 72]');
INSERT INTO train_routeedge (route_edge_id, origin_city, dest_city, duration) VALUES (73, 'مشهد', 'نیشابور', 7200);
INSERT INTO train_routeedge (route_edge_id, origin_city, dest_city, duration) VALUES (74, 'نیشابور', 'شاهرود', 7200);
INSERT INTO train_routeedge (route_edge_id, origin_city, dest_city, duration) VALUES (75, 'شاهرود', 'تهران', 7200);
INSERT INTO train_routeedge (route_edge_id, origin_city, dest_city, duration) VALUES (76, 'تهران', 'قزوین', 7200);
INSERT INTO train_routeedge (route_edge_id, origin_city, dest_city, duration) VALUES (77, 'قزوین', 'زنجان', 7200);
INSERT INTO train_routeedge (route_edge_id, origin_city, dest_city, duration) VALUES (78, 'زنجان', 'تبریز', 7200);
INSERT INTO train_route (route_id, origin_city, dest_city, edge_identifiers) VALUES (14, 'مشهد', 'تبریز', '[73, 74, 75, 76, 77, 78]');
INSERT INTO train_routeedge (route_edge_id, origin_city, dest_city, duration) VALUES (79, 'مشهد', 'تربت‌حیدریه', 7200);
INSERT INTO train_routeedge (route_edge_id, origin_city, dest_city, duration) VALUES (80, 'تربت‌حیدریه', 'بیرجند', 7200);
INSERT INTO train_routeedge (route_edge_id, origin_city, dest_city, duration) VALUES (81, 'بیرجند', 'یزد', 7200);
INSERT INTO train_routeedge (route_edge_id, origin_city, dest_city, duration) VALUES (82, 'یزد', 'آباده', 7200);
INSERT INTO train_routeedge (route_edge_id, origin_city, dest_city, duration) VALUES (83, 'آباده', 'شیراز', 7200);
INSERT INTO train_route (route_id, origin_city, dest_city, edge_identifiers) VALUES (15, 'مشهد', 'شیراز', '[79, 80, 81, 82, 83]');
INSERT INTO train_routeedge (route_edge_id, origin_city, dest_city, duration) VALUES (84, 'شیراز', 'آباده', 7200);
INSERT INTO train_routeedge (route_edge_id, origin_city, dest_city, duration) VALUES (85, 'آباده', 'یزد', 7200);
INSERT INTO train_routeedge (route_edge_id, origin_city, dest_city, duration) VALUES (86, 'یزد', 'بیرجند', 7200);
INSERT INTO train_routeedge (route_edge_id, origin_city, dest_city, duration) VALUES (87, 'بیرجند', 'تربت‌حیدریه', 7200);
INSERT INTO train_routeedge (route_edge_id, origin_city, dest_city, duration) VALUES (88, 'تربت‌حیدریه', 'مشهد', 7200);
INSERT INTO train_route (route_id, origin_city, dest_city, edge_identifiers) VALUES (16, 'شیراز', 'مشهد', '[84, 85, 86, 87, 88]');

-- Travels
INSERT INTO train_travel (travel_id, train_id, route_id, cooperative_id, date_time, description, price, capacity, seat_stat) VALUES (1, 2, 1, 1, '2025-09-16 22:00:00', '', 200000, 80, '{}');
INSERT INTO train_travel (travel_id, train_id, route_id, cooperative_id, date_time, description, price, capacity, seat_stat) VALUES (2, 2, 1, 2, '2025-09-16 18:00:00', '', 250000, 80, '{}');
INSERT INTO train_travel (travel_id, train_id, route_id, cooperative_id, date_time, description, price, capacity, seat_stat) VALUES (3, 1, 1, 2, '2025-09-16 10:00:00', '', 250000, 60, '{}');
INSERT INTO train_travel (travel_id, train_id, route_id, cooperative_id, date_time, description, price, capacity, seat_stat) VALUES (4, 3, 1, 2, '2025-09-17 10:00:00', '', 300000, 60, '{}');
INSERT INTO train_travel (travel_id, train_id, route_id, cooperative_id, date_time, description, price, capacity, seat_stat) VALUES (5, 2, 1, 1, '2025-09-17 10:00:00', '', 150000, 80, '{}');
INSERT INTO train_travel (travel_id, train_id, route_id, cooperative_id, date_time, description, price, capacity, seat_stat) VALUES (6, 3, 1, 1, '2025-09-17 22:00:00', '', 200000, 60, '{}');
INSERT INTO train_travel (travel_id, train_id, route_id, cooperative_id, date_time, description, price, capacity, seat_stat) VALUES (7, 2, 1, 1, '2025-09-18 14:00:00', '', 150000, 80, '{}');
INSERT INTO train_travel (travel_id, train_id, route_id, cooperative_id, date_time, description, price, capacity, seat_stat) VALUES (8, 2, 1, 2, '2025-09-18 18:00:00', '', 200000, 80, '{}');
INSERT INTO train_travel (travel_id, train_id, route_id, cooperative_id, date_time, description, price, capacity, seat_stat) VALUES (9, 1, 1, 1, '2025-09-18 06:00:00', '', 300000, 60, '{}');
INSERT INTO train_travel (travel_id, train_id, route_id, cooperative_id, date_time, description, price, capacity, seat_stat) VALUES (10, 1, 1, 2, '2025-09-18 22:00:00', '', 250000, 60, '{}');
INSERT INTO train_travel (travel_id, train_id, route_id, cooperative_id, date_time, description, price, capacity, seat_stat) VALUES (11, 1, 1, 2, '2025-09-18 14:00:00', '', 300000, 60, '{}');
INSERT INTO train_travel (travel_id, train_id, route_id, cooperative_id, date_time, description, price, capacity, seat_stat) VALUES (12, 3, 1, 1, '2025-09-19 22:00:00', '', 200000, 60, '{}');
INSERT INTO train_travel (travel_id, train_id, route_id, cooperative_id, date_time, description, price, capacity, seat_stat) VALUES (13, 2, 1, 2, '2025-09-19 14:00:00', '', 150000, 80, '{}');
INSERT INTO train_travel (travel_id, train_id, route_id, cooperative_id, date_time, description, price, capacity, seat_stat) VALUES (14, 1, 1, 1, '2025-09-19 06:00:00', '', 200000, 60, '{}');
INSERT INTO train_travel (travel_id, train_id, route_id, cooperative_id, date_time, description, price, capacity, seat_stat) VALUES (15, 2, 1, 1, '2025-09-19 14:00:00', '', 250000, 80, '{}');
INSERT INTO train_travel (travel_id, train_id, route_id, cooperative_id, date_time, description, price, capacity, seat_stat) VALUES (16, 3, 1, 1, '2025-09-19 10:00:00', '', 300000, 60, '{}');
INSERT INTO train_travel (travel_id, train_id, route_id, cooperative_id, date_time, description, price, capacity, seat_stat) VALUES (17, 3, 1, 2, '2025-09-20 06:00:00', '', 250000, 60, '{}');
INSERT INTO train_travel (travel_id, train_id, route_id, cooperative_id, date_time, description, price, capacity, seat_stat) VALUES (18, 1, 1, 1, '2025-09-20 14:00:00', '', 150000, 60, '{}');
INSERT INTO train_travel (travel_id, train_id, route_id, cooperative_id, date_time, description, price, capacity, seat_stat) VALUES (19, 2, 1, 2, '2025-09-20 22:00:00', '', 300000, 80, '{}');
INSERT INTO train_travel (travel_id, train_id, route_id, cooperative_id, date_time, description, price, capacity, seat_stat) VALUES (20, 1, 1, 2, '2025-09-21 18:00:00', '', 200000, 60, '{}');
INSERT INTO train_travel (travel_id, train_id, route_id, cooperative_id, date_time, description, price, capacity, seat_stat) VALUES (21, 1, 1, 2, '2025-09-21 18:00:00', '', 300000, 60, '{}');
INSERT INTO train_travel (travel_id, train_id, route_id, cooperative_id, date_time, description, price, capacity, seat_stat) VALUES (22, 2, 1, 2, '2025-09-21 14:00:00', '', 250000, 80, '{}');
INSERT INTO train_travel (travel_id, train_id, route_id, cooperative_id, date_time, description, price, capacity, seat_stat) VALUES (23, 1, 1, 1, '2025-09-22 14:00:00', '', 300000, 60, '{}');
INSERT INTO train_travel (travel_id, train_id, route_id, cooperative_id, date_time, description, price, capacity, seat_stat) VALUES (24, 2, 1, 1, '2025-09-22 06:00:00', '', 300000, 80, '{}');
INSERT INTO train_travel (travel_id, train_id, route_id, cooperative_id, date_time, description, price, capacity, seat_stat) VALUES (25, 3, 1, 1, '2025-09-22 14:00:00', '', 150000, 60, '{}');
INSERT INTO train_travel (travel_id, train_id, route_id, cooperative_id, date_time, description, price, capacity, seat_stat) VALUES (26, 1, 2, 1, '2025-09-16 18:00:00', '', 300000, 60, '{}');
INSERT INTO train_travel (travel_id, train_id, route_id, cooperative_id, date_time, description, price, capacity, seat_stat) VALUES (27, 2, 2, 2, '2025-09-16 18:00:00', '', 250000, 80, '{}');
INSERT INTO train_travel (travel_id, train_id, route_id, cooperative_id, date_time, description, price, capacity, seat_stat) VALUES (28, 2, 2, 2, '2025-09-16 06:00:00', '', 250000, 80, '{}');
INSERT INTO train_travel (travel_id, train_id, route_id, cooperative_id, date_time, description, price, capacity, seat_stat) VALUES (29, 1, 2, 1, '2025-09-17 22:00:00', '', 250000, 60, '{}');
INSERT INTO train_travel (travel_id, train_id, route_id, cooperative_id, date_time, description, price, capacity, seat_stat) VALUES (30, 1, 2, 2, '2025-09-17 06:00:00', '', 300000, 60, '{}');
INSERT INTO train_travel (travel_id, train_id, route_id, cooperative_id, date_time, description, price, capacity, seat_stat) VALUES (31, 2, 2, 1, '2025-09-17 22:00:00', '', 200000, 80, '{}');
INSERT INTO train_travel (travel_id, train_id, route_id, cooperative_id, date_time, description, price, capacity, seat_stat) VALUES (32, 3, 2, 2, '2025-09-17 10:00:00', '', 250000, 60, '{}');
INSERT INTO train_travel (travel_id, train_id, route_id, cooperative_id, date_time, description, price, capacity, seat_stat) VALUES (33, 3, 2, 2, '2025-09-17 10:00:00', '', 300000, 60, '{}');
INSERT INTO train_travel (travel_id, train_id, route_id, cooperative_id, date_time, description, price, capacity, seat_stat) VALUES (34, 1, 2, 1, '2025-09-18 14:00:00', '', 200000, 60, '{}');
INSERT INTO train_travel (travel_id, train_id, route_id, cooperative_id, date_time, description, price, capacity, seat_stat) VALUES (35, 3, 2, 2, '2025-09-18 18:00:00', '', 300000, 60, '{}');
INSERT INTO train_travel (travel_id, train_id, route_id, cooperative_id, date_time, description, price, capacity, seat_stat) VALUES (36, 3, 2, 2, '2025-09-18 18:00:00', '', 200000, 60, '{}');
INSERT INTO train_travel (travel_id, train_id, route_id, cooperative_id, date_time, description, price, capacity, seat_stat) VALUES (37, 2, 2, 1, '2025-09-19 22:00:00', '', 250000, 80, '{}');
INSERT INTO train_travel (travel_id, train_id, route_id, cooperative_id, date_time, description, price, capacity, seat_stat) VALUES (38, 3, 2, 2, '2025-09-19 18:00:00', '', 200000, 60, '{}');
INSERT INTO train_travel (travel_id, train_id, route_id, cooperative_id, date_time, description, price, capacity, seat_stat) VALUES (39, 3, 2, 2, '2025-09-19 18:00:00', '', 300000, 60, '{}');
INSERT INTO train_travel (travel_id, train_id, route_id, cooperative_id, date_time, description, price, capacity, seat_stat) VALUES (40, 2, 2, 1, '2025-09-19 14:00:00', '', 250000, 80, '{}');
INSERT INTO train_travel (travel_id, train_id, route_id, cooperative_id, date_time, description, price, capacity, seat_stat) VALUES (41, 1, 2, 1, '2025-09-19 10:00:00', '', 150000, 60, '{}');
INSERT INTO train_travel (travel_id, train_id, route_id, cooperative_id, date_time, description, price, capacity, seat_stat) VALUES (42, 1, 2, 1, '2025-09-20 10:00:00', '', 150000, 60, '{}');
INSERT INTO train_travel (travel_id, train_id, route_id, cooperative_id, date_time, description, price, capacity, seat_stat) VALUES (43, 2, 2, 1, '2025-09-20 14:00:00', '', 150000, 80, '{}');
INSERT INTO train_travel (travel_id, train_id, route_id, cooperative_id, date_time, description, price, capacity, seat_stat) VALUES (44, 3, 2, 2, '2025-09-20 14:00:00', '', 150000, 60, '{}');
INSERT INTO train_travel (travel_id, train_id, route_id, cooperative_id, date_time, description, price, capacity, seat_stat) VALUES (45, 1, 2, 2, '2025-09-20 22:00:00', '', 250000, 60, '{}');
INSERT INTO train_travel (travel_id, train_id, route_id, cooperative_id, date_time, description, price, capacity, seat_stat) VALUES (46, 3, 2, 1, '2025-09-21 22:00:00', '', 200000, 60, '{}');
INSERT INTO train_travel (travel_id, train_id, route_id, cooperative_id, date_time, description, price, capacity, seat_stat) VALUES (47, 1, 2, 2, '2025-09-21 22:00:00', '', 150000, 60, '{}');
INSERT INTO train_travel (travel_id, train_id, route_id, cooperative_id, date_time, description, price, capacity, seat_stat) VALUES (48, 1, 2, 2, '2025-09-21 22:00:00', '', 150000, 60, '{}');
INSERT INTO train_travel (travel_id, train_id, route_id, cooperative_id, date_time, description, price, capacity, seat_stat) VALUES (49, 1, 2, 2, '2025-09-22 18:00:00', '', 150000, 60, '{}');
INSERT INTO train_travel (travel_id, train_id, route_id, cooperative_id, date_time, description, price, capacity, seat_stat) VALUES (50, 2, 2, 2, '2025-09-22 06:00:00', '', 200000, 80, '{}');
INSERT INTO train_travel (travel_id, train_id, route_id, cooperative_id, date_time, description, price, capacity, seat_stat) VALUES (51, 1, 2, 2, '2025-09-22 22:00:00', '', 300000, 60, '{}');
INSERT INTO train_travel (travel_id, train_id, route_id, cooperative_id, date_time, description, price, capacity, seat_stat) VALUES (52, 3, 2, 1, '2025-09-22 06:00:00', '', 250000, 60, '{}');
INSERT INTO train_travel (travel_id, train_id, route_id, cooperative_id, date_time, description, price, capacity, seat_stat) VALUES (53, 2, 2, 2, '2025-09-22 18:00:00', '', 200000, 80, '{}');
INSERT INTO train_travel (travel_id, train_id, route_id, cooperative_id, date_time, description, price, capacity, seat_stat) VALUES (54, 3, 3, 1, '2025-09-16 14:00:00', '', 150000, 60, '{}');
INSERT INTO train_travel (travel_id, train_id, route_id, cooperative_id, date_time, description, price, capacity, seat_stat) VALUES (55, 3, 3, 2, '2025-09-16 14:00:00', '', 150000, 60, '{}');
INSERT INTO train_travel (travel_id, train_id, route_id, cooperative_id, date_time, description, price, capacity, seat_stat) VALUES (56, 1, 3, 1, '2025-09-16 18:00:00', '', 150000, 60, '{}');
INSERT INTO train_travel (travel_id, train_id, route_id, cooperative_id, date_time, description, price, capacity, seat_stat) VALUES (57, 3, 3, 2, '2025-09-16 22:00:00', '', 250000, 60, '{}');
INSERT INTO train_travel (travel_id, train_id, route_id, cooperative_id, date_time, description, price, capacity, seat_stat) VALUES (58, 1, 3, 2, '2025-09-16 18:00:00', '', 250000, 60, '{}');
INSERT INTO train_travel (travel_id, train_id, route_id, cooperative_id, date_time, description, price, capacity, seat_stat) VALUES (59, 3, 3, 2, '2025-09-17 18:00:00', '', 200000, 60, '{}');
INSERT INTO train_travel (travel_id, train_id, route_id, cooperative_id, date_time, description, price, capacity, seat_stat) VALUES (60, 1, 3, 2, '2025-09-17 06:00:00', '', 300000, 60, '{}');
INSERT INTO train_travel (travel_id, train_id, route_id, cooperative_id, date_time, description, price, capacity, seat_stat) VALUES (61, 3, 3, 2, '2025-09-17 22:00:00', '', 200000, 60, '{}');
INSERT INTO train_travel (travel_id, train_id, route_id, cooperative_id, date_time, description, price, capacity, seat_stat) VALUES (62, 1, 3, 2, '2025-09-17 10:00:00', '', 250000, 60, '{}');
INSERT INTO train_travel (travel_id, train_id, route_id, cooperative_id, date_time, description, price, capacity, seat_stat) VALUES (63, 2, 3, 2, '2025-09-18 06:00:00', '', 200000, 80, '{}');
INSERT INTO train_travel (travel_id, train_id, route_id, cooperative_id, date_time, description, price, capacity, seat_stat) VALUES (64, 1, 3, 1, '2025-09-18 14:00:00', '', 300000, 60, '{}');
INSERT INTO train_travel (travel_id, train_id, route_id, cooperative_id, date_time, description, price, capacity, seat_stat) VALUES (65, 1, 3, 1, '2025-09-18 10:00:00', '', 200000, 60, '{}');
INSERT INTO train_travel (travel_id, train_id, route_id, cooperative_id, date_time, description, price, capacity, seat_stat) VALUES (66, 1, 3, 2, '2025-09-18 06:00:00', '', 300000, 60, '{}');
INSERT INTO train_travel (travel_id, train_id, route_id, cooperative_id, date_time, description, price, capacity, seat_stat) VALUES (67, 2, 3, 2, '2025-09-19 06:00:00', '', 300000, 80, '{}');
INSERT INTO train_travel (travel_id, train_id, route_id, cooperative_id, date_time, description, price, capacity, seat_stat) VALUES (68, 1, 3, 1, '2025-09-19 18:00:00', '', 300000, 60, '{}');
INSERT INTO train_travel (travel_id, train_id, route_id, cooperative_id, date_time, description, price, capacity, seat_stat) VALUES (69, 2, 3, 1, '2025-09-19 06:00:00', '', 250000, 80, '{}');
INSERT INTO train_travel (travel_id, train_id, route_id, cooperative_id, date_time, description, price, capacity, seat_stat) VALUES (70, 2, 3, 1, '2025-09-19 18:00:00', '', 200000, 80, '{}');
INSERT INTO train_travel (travel_id, train_id, route_id, cooperative_id, date_time, description, price, capacity, seat_stat) VALUES (71, 3, 3, 1, '2025-09-20 22:00:00', '', 250000, 60, '{}');
INSERT INTO train_travel (travel_id, train_id, route_id, cooperative_id, date_time, description, price, capacity, seat_stat) VALUES (72, 2, 3, 2, '2025-09-20 18:00:00', '', 150000, 80, '{}');
INSERT INTO train_travel (travel_id, train_id, route_id, cooperative_id, date_time, description, price, capacity, seat_stat) VALUES (73, 3, 3, 1, '2025-09-20 06:00:00', '', 250000, 60, '{}');
INSERT INTO train_travel (travel_id, train_id, route_id, cooperative_id, date_time, description, price, capacity, seat_stat) VALUES (74, 1, 3, 1, '2025-09-20 22:00:00', '', 150000, 60, '{}');
INSERT INTO train_travel (travel_id, train_id, route_id, cooperative_id, date_time, description, price, capacity, seat_stat) VALUES (75, 1, 3, 2, '2025-09-20 06:00:00', '', 250000, 60, '{}');
INSERT INTO train_travel (travel_id, train_id, route_id, cooperative_id, date_time, description, price, capacity, seat_stat) VALUES (76, 1, 3, 1, '2025-09-21 10:00:00', '', 150000, 60, '{}');
INSERT INTO train_travel (travel_id, train_id, route_id, cooperative_id, date_time, description, price, capacity, seat_stat) VALUES (77, 1, 3, 2, '2025-09-21 14:00:00', '', 300000, 60, '{}');
INSERT INTO train_travel (travel_id, train_id, route_id, cooperative_id, date_time, description, price, capacity, seat_stat) VALUES (78, 3, 3, 1, '2025-09-21 10:00:00', '', 200000, 60, '{}');
INSERT INTO train_travel (travel_id, train_id, route_id, cooperative_id, date_time, description, price, capacity, seat_stat) VALUES (79, 2, 3, 1, '2025-09-22 18:00:00', '', 150000, 80, '{}');
INSERT INTO train_travel (travel_id, train_id, route_id, cooperative_id, date_time, description, price, capacity, seat_stat) VALUES (80, 1, 3, 1, '2025-09-22 14:00:00', '', 250000, 60, '{}');
INSERT INTO train_travel (travel_id, train_id, route_id, cooperative_id, date_time, description, price, capacity, seat_stat) VALUES (81, 3, 3, 2, '2025-09-22 06:00:00', '', 150000, 60, '{}');
INSERT INTO train_travel (travel_id, train_id, route_id, cooperative_id, date_time, description, price, capacity, seat_stat) VALUES (82, 2, 3, 1, '2025-09-22 18:00:00', '', 300000, 80, '{}');
INSERT INTO train_travel (travel_id, train_id, route_id, cooperative_id, date_time, description, price, capacity, seat_stat) VALUES (83, 1, 4, 2, '2025-09-16 10:00:00', '', 200000, 60, '{}');
INSERT INTO train_travel (travel_id, train_id, route_id, cooperative_id, date_time, description, price, capacity, seat_stat) VALUES (84, 2, 4, 1, '2025-09-16 22:00:00', '', 150000, 80, '{}');
INSERT INTO train_travel (travel_id, train_id, route_id, cooperative_id, date_time, description, price, capacity, seat_stat) VALUES (85, 2, 4, 2, '2025-09-16 06:00:00', '', 250000, 80, '{}');
INSERT INTO train_travel (travel_id, train_id, route_id, cooperative_id, date_time, description, price, capacity, seat_stat) VALUES (86, 1, 4, 2, '2025-09-16 18:00:00', '', 200000, 60, '{}');
INSERT INTO train_travel (travel_id, train_id, route_id, cooperative_id, date_time, description, price, capacity, seat_stat) VALUES (87, 3, 4, 1, '2025-09-17 14:00:00', '', 150000, 60, '{}');
INSERT INTO train_travel (travel_id, train_id, route_id, cooperative_id, date_time, description, price, capacity, seat_stat) VALUES (88, 3, 4, 1, '2025-09-17 06:00:00', '', 150000, 60, '{}');
INSERT INTO train_travel (travel_id, train_id, route_id, cooperative_id, date_time, description, price, capacity, seat_stat) VALUES (89, 1, 4, 2, '2025-09-17 10:00:00', '', 200000, 60, '{}');
INSERT INTO train_travel (travel_id, train_id, route_id, cooperative_id, date_time, description, price, capacity, seat_stat) VALUES (90, 2, 4, 1, '2025-09-17 10:00:00', '', 150000, 80, '{}');
INSERT INTO train_travel (travel_id, train_id, route_id, cooperative_id, date_time, description, price, capacity, seat_stat) VALUES (91, 1, 4, 2, '2025-09-18 22:00:00', '', 250000, 60, '{}');
INSERT INTO train_travel (travel_id, train_id, route_id, cooperative_id, date_time, description, price, capacity, seat_stat) VALUES (92, 3, 4, 2, '2025-09-18 10:00:00', '', 250000, 60, '{}');
INSERT INTO train_travel (travel_id, train_id, route_id, cooperative_id, date_time, description, price, capacity, seat_stat) VALUES (93, 1, 4, 1, '2025-09-18 10:00:00', '', 200000, 60, '{}');
INSERT INTO train_travel (travel_id, train_id, route_id, cooperative_id, date_time, description, price, capacity, seat_stat) VALUES (94, 1, 4, 2, '2025-09-18 18:00:00', '', 250000, 60, '{}');
INSERT INTO train_travel (travel_id, train_id, route_id, cooperative_id, date_time, description, price, capacity, seat_stat) VALUES (95, 2, 4, 1, '2025-09-18 14:00:00', '', 200000, 80, '{}');
INSERT INTO train_travel (travel_id, train_id, route_id, cooperative_id, date_time, description, price, capacity, seat_stat) VALUES (96, 1, 4, 2, '2025-09-19 22:00:00', '', 300000, 60, '{}');
INSERT INTO train_travel (travel_id, train_id, route_id, cooperative_id, date_time, description, price, capacity, seat_stat) VALUES (97, 1, 4, 1, '2025-09-19 14:00:00', '', 300000, 60, '{}');
INSERT INTO train_travel (travel_id, train_id, route_id, cooperative_id, date_time, description, price, capacity, seat_stat) VALUES (98, 2, 4, 1, '2025-09-19 18:00:00', '', 300000, 80, '{}');
INSERT INTO train_travel (travel_id, train_id, route_id, cooperative_id, date_time, description, price, capacity, seat_stat) VALUES (99, 3, 4, 2, '2025-09-19 14:00:00', '', 250000, 60, '{}');
INSERT INTO train_travel (travel_id, train_id, route_id, cooperative_id, date_time, description, price, capacity, seat_stat) VALUES (100, 1, 4, 2, '2025-09-20 10:00:00', '', 150000, 60, '{}');
INSERT INTO train_travel (travel_id, train_id, route_id, cooperative_id, date_time, description, price, capacity, seat_stat) VALUES (101, 3, 4, 1, '2025-09-20 10:00:00', '', 150000, 60, '{}');
INSERT INTO train_travel (travel_id, train_id, route_id, cooperative_id, date_time, description, price, capacity, seat_stat) VALUES (102, 1, 4, 1, '2025-09-20 22:00:00', '', 150000, 60, '{}');
INSERT INTO train_travel (travel_id, train_id, route_id, cooperative_id, date_time, description, price, capacity, seat_stat) VALUES (103, 2, 4, 2, '2025-09-20 14:00:00', '', 250000, 80, '{}');
INSERT INTO train_travel (travel_id, train_id, route_id, cooperative_id, date_time, description, price, capacity, seat_stat) VALUES (104, 3, 4, 1, '2025-09-21 06:00:00', '', 300000, 60, '{}');
INSERT INTO train_travel (travel_id, train_id, route_id, cooperative_id, date_time, description, price, capacity, seat_stat) VALUES (105, 3, 4, 2, '2025-09-21 06:00:00', '', 250000, 60, '{}');
INSERT INTO train_travel (travel_id, train_id, route_id, cooperative_id, date_time, description, price, capacity, seat_stat) VALUES (106, 1, 4, 1, '2025-09-21 14:00:00', '', 200000, 60, '{}');
INSERT INTO train_travel (travel_id, train_id, route_id, cooperative_id, date_time, description, price, capacity, seat_stat) VALUES (107, 1, 4, 1, '2025-09-21 22:00:00', '', 300000, 60, '{}');
INSERT INTO train_travel (travel_id, train_id, route_id, cooperative_id, date_time, description, price, capacity, seat_stat) VALUES (108, 1, 4, 2, '2025-09-22 22:00:00', '', 200000, 60, '{}');
INSERT INTO train_travel (travel_id, train_id, route_id, cooperative_id, date_time, description, price, capacity, seat_stat) VALUES (109, 3, 4, 1, '2025-09-22 22:00:00', '', 150000, 60, '{}');
INSERT INTO train_travel (travel_id, train_id, route_id, cooperative_id, date_time, description, price, capacity, seat_stat) VALUES (110, 3, 4, 1, '2025-09-22 22:00:00', '', 250000, 60, '{}');
INSERT INTO train_travel (travel_id, train_id, route_id, cooperative_id, date_time, description, price, capacity, seat_stat) VALUES (111, 2, 5, 1, '2025-09-16 18:00:00', '', 300000, 80, '{}');
INSERT INTO train_travel (travel_id, train_id, route_id, cooperative_id, date_time, description, price, capacity, seat_stat) VALUES (112, 3, 5, 1, '2025-09-16 18:00:00', '', 300000, 60, '{}');
INSERT INTO train_travel (travel_id, train_id, route_id, cooperative_id, date_time, description, price, capacity, seat_stat) VALUES (113, 1, 5, 1, '2025-09-16 10:00:00', '', 150000, 60, '{}');
INSERT INTO train_travel (travel_id, train_id, route_id, cooperative_id, date_time, description, price, capacity, seat_stat) VALUES (114, 2, 5, 1, '2025-09-16 14:00:00', '', 250000, 80, '{}');
INSERT INTO train_travel (travel_id, train_id, route_id, cooperative_id, date_time, description, price, capacity, seat_stat) VALUES (115, 2, 5, 2, '2025-09-16 06:00:00', '', 250000, 80, '{}');
INSERT INTO train_travel (travel_id, train_id, route_id, cooperative_id, date_time, description, price, capacity, seat_stat) VALUES (116, 2, 5, 2, '2025-09-17 06:00:00', '', 150000, 80, '{}');
INSERT INTO train_travel (travel_id, train_id, route_id, cooperative_id, date_time, description, price, capacity, seat_stat) VALUES (117, 1, 5, 1, '2025-09-17 22:00:00', '', 150000, 60, '{}');
INSERT INTO train_travel (travel_id, train_id, route_id, cooperative_id, date_time, description, price, capacity, seat_stat) VALUES (118, 3, 5, 2, '2025-09-17 22:00:00', '', 300000, 60, '{}');
INSERT INTO train_travel (travel_id, train_id, route_id, cooperative_id, date_time, description, price, capacity, seat_stat) VALUES (119, 2, 5, 2, '2025-09-17 18:00:00', '', 250000, 80, '{}');
INSERT INTO train_travel (travel_id, train_id, route_id, cooperative_id, date_time, description, price, capacity, seat_stat) VALUES (120, 2, 5, 2, '2025-09-17 18:00:00', '', 300000, 80, '{}');
INSERT INTO train_travel (travel_id, train_id, route_id, cooperative_id, date_time, description, price, capacity, seat_stat) VALUES (121, 1, 5, 2, '2025-09-18 22:00:00', '', 250000, 60, '{}');
INSERT INTO train_travel (travel_id, train_id, route_id, cooperative_id, date_time, description, price, capacity, seat_stat) VALUES (122, 2, 5, 2, '2025-09-18 22:00:00', '', 150000, 80, '{}');
INSERT INTO train_travel (travel_id, train_id, route_id, cooperative_id, date_time, description, price, capacity, seat_stat) VALUES (123, 2, 5, 2, '2025-09-18 06:00:00', '', 300000, 80, '{}');
INSERT INTO train_travel (travel_id, train_id, route_id, cooperative_id, date_time, description, price, capacity, seat_stat) VALUES (124, 1, 5, 1, '2025-09-18 22:00:00', '', 250000, 60, '{}');
INSERT INTO train_travel (travel_id, train_id, route_id, cooperative_id, date_time, description, price, capacity, seat_stat) VALUES (125, 1, 5, 1, '2025-09-19 18:00:00', '', 150000, 60, '{}');
INSERT INTO train_travel (travel_id, train_id, route_id, cooperative_id, date_time, description, price, capacity, seat_stat) VALUES (126, 3, 5, 2, '2025-09-19 10:00:00', '', 200000, 60, '{}');
INSERT INTO train_travel (travel_id, train_id, route_id, cooperative_id, date_time, description, price, capacity, seat_stat) VALUES (127, 3, 5, 2, '2025-09-19 22:00:00', '', 150000, 60, '{}');
INSERT INTO train_travel (travel_id, train_id, route_id, cooperative_id, date_time, description, price, capacity, seat_stat) VALUES (128, 1, 5, 1, '2025-09-20 18:00:00', '', 250000, 60, '{}');
INSERT INTO train_travel (travel_id, train_id, route_id, cooperative_id, date_time, description, price, capacity, seat_stat) VALUES (129, 2, 5, 2, '2025-09-20 18:00:00', '', 200000, 80, '{}');
INSERT INTO train_travel (travel_id, train_id, route_id, cooperative_id, date_time, description, price, capacity, seat_stat) VALUES (130, 1, 5, 2, '2025-09-20 14:00:00', '', 300000, 60, '{}');
INSERT INTO train_travel (travel_id, train_id, route_id, cooperative_id, date_time, description, price, capacity, seat_stat) VALUES (131, 1, 5, 1, '2025-09-20 14:00:00', '', 300000, 60, '{}');
INSERT INTO train_travel (travel_id, train_id, route_id, cooperative_id, date_time, description, price, capacity, seat_stat) VALUES (132, 2, 5, 2, '2025-09-20 14:00:00', '', 250000, 80, '{}');
INSERT INTO train_travel (travel_id, train_id, route_id, cooperative_id, date_time, description, price, capacity, seat_stat) VALUES (133, 3, 5, 1, '2025-09-21 18:00:00', '', 200000, 60, '{}');
INSERT INTO train_travel (travel_id, train_id, route_id, cooperative_id, date_time, description, price, capacity, seat_stat) VALUES (134, 3, 5, 2, '2025-09-21 06:00:00', '', 300000, 60, '{}');
INSERT INTO train_travel (travel_id, train_id, route_id, cooperative_id, date_time, description, price, capacity, seat_stat) VALUES (135, 2, 5, 2, '2025-09-21 10:00:00', '', 250000, 80, '{}');
INSERT INTO train_travel (travel_id, train_id, route_id, cooperative_id, date_time, description, price, capacity, seat_stat) VALUES (136, 1, 5, 2, '2025-09-21 14:00:00', '', 150000, 60, '{}');
INSERT INTO train_travel (travel_id, train_id, route_id, cooperative_id, date_time, description, price, capacity, seat_stat) VALUES (137, 3, 5, 1, '2025-09-22 18:00:00', '', 300000, 60, '{}');
INSERT INTO train_travel (travel_id, train_id, route_id, cooperative_id, date_time, description, price, capacity, seat_stat) VALUES (138, 1, 5, 1, '2025-09-22 14:00:00', '', 200000, 60, '{}');
INSERT INTO train_travel (travel_id, train_id, route_id, cooperative_id, date_time, description, price, capacity, seat_stat) VALUES (139, 2, 5, 1, '2025-09-22 06:00:00', '', 200000, 80, '{}');
INSERT INTO train_travel (travel_id, train_id, route_id, cooperative_id, date_time, description, price, capacity, seat_stat) VALUES (140, 1, 6, 2, '2025-09-16 14:00:00', '', 150000, 60, '{}');
INSERT INTO train_travel (travel_id, train_id, route_id, cooperative_id, date_time, description, price, capacity, seat_stat) VALUES (141, 2, 6, 1, '2025-09-16 14:00:00', '', 150000, 80, '{}');
INSERT INTO train_travel (travel_id, train_id, route_id, cooperative_id, date_time, description, price, capacity, seat_stat) VALUES (142, 2, 6, 1, '2025-09-16 14:00:00', '', 200000, 80, '{}');
INSERT INTO train_travel (travel_id, train_id, route_id, cooperative_id, date_time, description, price, capacity, seat_stat) VALUES (143, 2, 6, 1, '2025-09-16 22:00:00', '', 150000, 80, '{}');
INSERT INTO train_travel (travel_id, train_id, route_id, cooperative_id, date_time, description, price, capacity, seat_stat) VALUES (144, 1, 6, 2, '2025-09-17 06:00:00', '', 200000, 60, '{}');
INSERT INTO train_travel (travel_id, train_id, route_id, cooperative_id, date_time, description, price, capacity, seat_stat) VALUES (145, 3, 6, 2, '2025-09-17 14:00:00', '', 250000, 60, '{}');
INSERT INTO train_travel (travel_id, train_id, route_id, cooperative_id, date_time, description, price, capacity, seat_stat) VALUES (146, 1, 6, 2, '2025-09-17 10:00:00', '', 250000, 60, '{}');
INSERT INTO train_travel (travel_id, train_id, route_id, cooperative_id, date_time, description, price, capacity, seat_stat) VALUES (147, 2, 6, 2, '2025-09-18 06:00:00', '', 150000, 80, '{}');
INSERT INTO train_travel (travel_id, train_id, route_id, cooperative_id, date_time, description, price, capacity, seat_stat) VALUES (148, 2, 6, 2, '2025-09-18 22:00:00', '', 150000, 80, '{}');
INSERT INTO train_travel (travel_id, train_id, route_id, cooperative_id, date_time, description, price, capacity, seat_stat) VALUES (149, 2, 6, 2, '2025-09-18 22:00:00', '', 250000, 80, '{}');
INSERT INTO train_travel (travel_id, train_id, route_id, cooperative_id, date_time, description, price, capacity, seat_stat) VALUES (150, 3, 6, 2, '2025-09-18 14:00:00', '', 200000, 60, '{}');
INSERT INTO train_travel (travel_id, train_id, route_id, cooperative_id, date_time, description, price, capacity, seat_stat) VALUES (151, 1, 6, 1, '2025-09-19 10:00:00', '', 200000, 60, '{}');
INSERT INTO train_travel (travel_id, train_id, route_id, cooperative_id, date_time, description, price, capacity, seat_stat) VALUES (152, 3, 6, 2, '2025-09-19 18:00:00', '', 250000, 60, '{}');
INSERT INTO train_travel (travel_id, train_id, route_id, cooperative_id, date_time, description, price, capacity, seat_stat) VALUES (153, 2, 6, 1, '2025-09-19 18:00:00', '', 200000, 80, '{}');
INSERT INTO train_travel (travel_id, train_id, route_id, cooperative_id, date_time, description, price, capacity, seat_stat) VALUES (154, 1, 6, 2, '2025-09-19 22:00:00', '', 300000, 60, '{}');
INSERT INTO train_travel (travel_id, train_id, route_id, cooperative_id, date_time, description, price, capacity, seat_stat) VALUES (155, 3, 6, 2, '2025-09-19 10:00:00', '', 200000, 60, '{}');
INSERT INTO train_travel (travel_id, train_id, route_id, cooperative_id, date_time, description, price, capacity, seat_stat) VALUES (156, 3, 6, 2, '2025-09-20 14:00:00', '', 200000, 60, '{}');
INSERT INTO train_travel (travel_id, train_id, route_id, cooperative_id, date_time, description, price, capacity, seat_stat) VALUES (157, 1, 6, 2, '2025-09-20 10:00:00', '', 300000, 60, '{}');
INSERT INTO train_travel (travel_id, train_id, route_id, cooperative_id, date_time, description, price, capacity, seat_stat) VALUES (158, 3, 6, 2, '2025-09-20 18:00:00', '', 250000, 60, '{}');
INSERT INTO train_travel (travel_id, train_id, route_id, cooperative_id, date_time, description, price, capacity, seat_stat) VALUES (159, 1, 6, 2, '2025-09-21 18:00:00', '', 200000, 60, '{}');
INSERT INTO train_travel (travel_id, train_id, route_id, cooperative_id, date_time, description, price, capacity, seat_stat) VALUES (160, 3, 6, 2, '2025-09-21 22:00:00', '', 150000, 60, '{}');
INSERT INTO train_travel (travel_id, train_id, route_id, cooperative_id, date_time, description, price, capacity, seat_stat) VALUES (161, 1, 6, 2, '2025-09-21 22:00:00', '', 150000, 60, '{}');
INSERT INTO train_travel (travel_id, train_id, route_id, cooperative_id, date_time, description, price, capacity, seat_stat) VALUES (162, 3, 6, 2, '2025-09-22 06:00:00', '', 150000, 60, '{}');
INSERT INTO train_travel (travel_id, train_id, route_id, cooperative_id, date_time, description, price, capacity, seat_stat) VALUES (163, 1, 6, 2, '2025-09-22 22:00:00', '', 200000, 60, '{}');
INSERT INTO train_travel (travel_id, train_id, route_id, cooperative_id, date_time, description, price, capacity, seat_stat) VALUES (164, 2, 6, 1, '2025-09-22 14:00:00', '', 300000, 80, '{}');
INSERT INTO train_travel (travel_id, train_id, route_id, cooperative_id, date_time, description, price, capacity, seat_stat) VALUES (165, 3, 7, 2, '2025-09-16 06:00:00', '', 300000, 60, '{}');
INSERT INTO train_travel (travel_id, train_id, route_id, cooperative_id, date_time, description, price, capacity, seat_stat) VALUES (166, 3, 7, 1, '2025-09-16 06:00:00', '', 300000, 60, '{}');
INSERT INTO train_travel (travel_id, train_id, route_id, cooperative_id, date_time, description, price, capacity, seat_stat) VALUES (167, 1, 7, 2, '2025-09-16 14:00:00', '', 200000, 60, '{}');
INSERT INTO train_travel (travel_id, train_id, route_id, cooperative_id, date_time, description, price, capacity, seat_stat) VALUES (168, 3, 7, 2, '2025-09-16 18:00:00', '', 200000, 60, '{}');
INSERT INTO train_travel (travel_id, train_id, route_id, cooperative_id, date_time, description, price, capacity, seat_stat) VALUES (169, 3, 7, 2, '2025-09-16 22:00:00', '', 200000, 60, '{}');
INSERT INTO train_travel (travel_id, train_id, route_id, cooperative_id, date_time, description, price, capacity, seat_stat) VALUES (170, 3, 7, 1, '2025-09-17 06:00:00', '', 150000, 60, '{}');
INSERT INTO train_travel (travel_id, train_id, route_id, cooperative_id, date_time, description, price, capacity, seat_stat) VALUES (171, 3, 7, 2, '2025-09-17 14:00:00', '', 300000, 60, '{}');
INSERT INTO train_travel (travel_id, train_id, route_id, cooperative_id, date_time, description, price, capacity, seat_stat) VALUES (172, 3, 7, 1, '2025-09-17 06:00:00', '', 200000, 60, '{}');
INSERT INTO train_travel (travel_id, train_id, route_id, cooperative_id, date_time, description, price, capacity, seat_stat) VALUES (173, 3, 7, 2, '2025-09-17 06:00:00', '', 150000, 60, '{}');
INSERT INTO train_travel (travel_id, train_id, route_id, cooperative_id, date_time, description, price, capacity, seat_stat) VALUES (174, 2, 7, 1, '2025-09-17 10:00:00', '', 300000, 80, '{}');
INSERT INTO train_travel (travel_id, train_id, route_id, cooperative_id, date_time, description, price, capacity, seat_stat) VALUES (175, 1, 7, 1, '2025-09-18 22:00:00', '', 150000, 60, '{}');
INSERT INTO train_travel (travel_id, train_id, route_id, cooperative_id, date_time, description, price, capacity, seat_stat) VALUES (176, 2, 7, 1, '2025-09-18 10:00:00', '', 200000, 80, '{}');
INSERT INTO train_travel (travel_id, train_id, route_id, cooperative_id, date_time, description, price, capacity, seat_stat) VALUES (177, 3, 7, 2, '2025-09-18 18:00:00', '', 150000, 60, '{}');
INSERT INTO train_travel (travel_id, train_id, route_id, cooperative_id, date_time, description, price, capacity, seat_stat) VALUES (178, 3, 7, 1, '2025-09-19 10:00:00', '', 250000, 60, '{}');
INSERT INTO train_travel (travel_id, train_id, route_id, cooperative_id, date_time, description, price, capacity, seat_stat) VALUES (179, 2, 7, 1, '2025-09-19 14:00:00', '', 200000, 80, '{}');
INSERT INTO train_travel (travel_id, train_id, route_id, cooperative_id, date_time, description, price, capacity, seat_stat) VALUES (180, 1, 7, 2, '2025-09-19 22:00:00', '', 200000, 60, '{}');
INSERT INTO train_travel (travel_id, train_id, route_id, cooperative_id, date_time, description, price, capacity, seat_stat) VALUES (181, 3, 7, 2, '2025-09-20 10:00:00', '', 200000, 60, '{}');
INSERT INTO train_travel (travel_id, train_id, route_id, cooperative_id, date_time, description, price, capacity, seat_stat) VALUES (182, 1, 7, 2, '2025-09-20 18:00:00', '', 200000, 60, '{}');
INSERT INTO train_travel (travel_id, train_id, route_id, cooperative_id, date_time, description, price, capacity, seat_stat) VALUES (183, 3, 7, 2, '2025-09-20 22:00:00', '', 300000, 60, '{}');
INSERT INTO train_travel (travel_id, train_id, route_id, cooperative_id, date_time, description, price, capacity, seat_stat) VALUES (184, 1, 7, 1, '2025-09-20 14:00:00', '', 250000, 60, '{}');
INSERT INTO train_travel (travel_id, train_id, route_id, cooperative_id, date_time, description, price, capacity, seat_stat) VALUES (185, 3, 7, 2, '2025-09-21 14:00:00', '', 250000, 60, '{}');
INSERT INTO train_travel (travel_id, train_id, route_id, cooperative_id, date_time, description, price, capacity, seat_stat) VALUES (186, 3, 7, 2, '2025-09-21 18:00:00', '', 150000, 60, '{}');
INSERT INTO train_travel (travel_id, train_id, route_id, cooperative_id, date_time, description, price, capacity, seat_stat) VALUES (187, 2, 7, 2, '2025-09-21 22:00:00', '', 200000, 80, '{}');
INSERT INTO train_travel (travel_id, train_id, route_id, cooperative_id, date_time, description, price, capacity, seat_stat) VALUES (188, 3, 7, 2, '2025-09-21 06:00:00', '', 250000, 60, '{}');
INSERT INTO train_travel (travel_id, train_id, route_id, cooperative_id, date_time, description, price, capacity, seat_stat) VALUES (189, 2, 7, 2, '2025-09-22 22:00:00', '', 300000, 80, '{}');
INSERT INTO train_travel (travel_id, train_id, route_id, cooperative_id, date_time, description, price, capacity, seat_stat) VALUES (190, 3, 7, 1, '2025-09-22 06:00:00', '', 250000, 60, '{}');
INSERT INTO train_travel (travel_id, train_id, route_id, cooperative_id, date_time, description, price, capacity, seat_stat) VALUES (191, 1, 7, 2, '2025-09-22 22:00:00', '', 200000, 60, '{}');
INSERT INTO train_travel (travel_id, train_id, route_id, cooperative_id, date_time, description, price, capacity, seat_stat) VALUES (192, 3, 7, 1, '2025-09-22 06:00:00', '', 300000, 60, '{}');
INSERT INTO train_travel (travel_id, train_id, route_id, cooperative_id, date_time, description, price, capacity, seat_stat) VALUES (193, 1, 7, 1, '2025-09-22 14:00:00', '', 250000, 60, '{}');
INSERT INTO train_travel (travel_id, train_id, route_id, cooperative_id, date_time, description, price, capacity, seat_stat) VALUES (194, 3, 8, 2, '2025-09-16 22:00:00', '', 250000, 60, '{}');
INSERT INTO train_travel (travel_id, train_id, route_id, cooperative_id, date_time, description, price, capacity, seat_stat) VALUES (195, 3, 8, 1, '2025-09-16 06:00:00', '', 200000, 60, '{}');
INSERT INTO train_travel (travel_id, train_id, route_id, cooperative_id, date_time, description, price, capacity, seat_stat) VALUES (196, 2, 8, 2, '2025-09-16 18:00:00', '', 200000, 80, '{}');
INSERT INTO train_travel (travel_id, train_id, route_id, cooperative_id, date_time, description, price, capacity, seat_stat) VALUES (197, 3, 8, 2, '2025-09-16 14:00:00', '', 250000, 60, '{}');
INSERT INTO train_travel (travel_id, train_id, route_id, cooperative_id, date_time, description, price, capacity, seat_stat) VALUES (198, 3, 8, 2, '2025-09-16 10:00:00', '', 150000, 60, '{}');
INSERT INTO train_travel (travel_id, train_id, route_id, cooperative_id, date_time, description, price, capacity, seat_stat) VALUES (199, 3, 8, 2, '2025-09-17 14:00:00', '', 250000, 60, '{}');
INSERT INTO train_travel (travel_id, train_id, route_id, cooperative_id, date_time, description, price, capacity, seat_stat) VALUES (200, 2, 8, 1, '2025-09-17 06:00:00', '', 300000, 80, '{}');
INSERT INTO train_travel (travel_id, train_id, route_id, cooperative_id, date_time, description, price, capacity, seat_stat) VALUES (201, 2, 8, 2, '2025-09-17 10:00:00', '', 200000, 80, '{}');
INSERT INTO train_travel (travel_id, train_id, route_id, cooperative_id, date_time, description, price, capacity, seat_stat) VALUES (202, 1, 8, 1, '2025-09-17 22:00:00', '', 300000, 60, '{}');
INSERT INTO train_travel (travel_id, train_id, route_id, cooperative_id, date_time, description, price, capacity, seat_stat) VALUES (203, 1, 8, 1, '2025-09-18 06:00:00', '', 300000, 60, '{}');
INSERT INTO train_travel (travel_id, train_id, route_id, cooperative_id, date_time, description, price, capacity, seat_stat) VALUES (204, 2, 8, 1, '2025-09-18 18:00:00', '', 250000, 80, '{}');
INSERT INTO train_travel (travel_id, train_id, route_id, cooperative_id, date_time, description, price, capacity, seat_stat) VALUES (205, 1, 8, 2, '2025-09-18 18:00:00', '', 200000, 60, '{}');
INSERT INTO train_travel (travel_id, train_id, route_id, cooperative_id, date_time, description, price, capacity, seat_stat) VALUES (206, 2, 8, 1, '2025-09-18 22:00:00', '', 150000, 80, '{}');
INSERT INTO train_travel (travel_id, train_id, route_id, cooperative_id, date_time, description, price, capacity, seat_stat) VALUES (207, 1, 8, 2, '2025-09-18 14:00:00', '', 150000, 60, '{}');
INSERT INTO train_travel (travel_id, train_id, route_id, cooperative_id, date_time, description, price, capacity, seat_stat) VALUES (208, 3, 8, 2, '2025-09-19 14:00:00', '', 250000, 60, '{}');
INSERT INTO train_travel (travel_id, train_id, route_id, cooperative_id, date_time, description, price, capacity, seat_stat) VALUES (209, 2, 8, 1, '2025-09-19 06:00:00', '', 250000, 80, '{}');
INSERT INTO train_travel (travel_id, train_id, route_id, cooperative_id, date_time, description, price, capacity, seat_stat) VALUES (210, 3, 8, 2, '2025-09-19 10:00:00', '', 300000, 60, '{}');
INSERT INTO train_travel (travel_id, train_id, route_id, cooperative_id, date_time, description, price, capacity, seat_stat) VALUES (211, 3, 8, 1, '2025-09-19 18:00:00', '', 200000, 60, '{}');
INSERT INTO train_travel (travel_id, train_id, route_id, cooperative_id, date_time, description, price, capacity, seat_stat) VALUES (212, 3, 8, 2, '2025-09-20 14:00:00', '', 150000, 60, '{}');
INSERT INTO train_travel (travel_id, train_id, route_id, cooperative_id, date_time, description, price, capacity, seat_stat) VALUES (213, 3, 8, 1, '2025-09-20 18:00:00', '', 250000, 60, '{}');
INSERT INTO train_travel (travel_id, train_id, route_id, cooperative_id, date_time, description, price, capacity, seat_stat) VALUES (214, 1, 8, 1, '2025-09-20 06:00:00', '', 150000, 60, '{}');
INSERT INTO train_travel (travel_id, train_id, route_id, cooperative_id, date_time, description, price, capacity, seat_stat) VALUES (215, 3, 8, 2, '2025-09-21 18:00:00', '', 300000, 60, '{}');
INSERT INTO train_travel (travel_id, train_id, route_id, cooperative_id, date_time, description, price, capacity, seat_stat) VALUES (216, 2, 8, 1, '2025-09-21 10:00:00', '', 250000, 80, '{}');
INSERT INTO train_travel (travel_id, train_id, route_id, cooperative_id, date_time, description, price, capacity, seat_stat) VALUES (217, 2, 8, 1, '2025-09-21 22:00:00', '', 250000, 80, '{}');
INSERT INTO train_travel (travel_id, train_id, route_id, cooperative_id, date_time, description, price, capacity, seat_stat) VALUES (218, 3, 8, 2, '2025-09-22 22:00:00', '', 300000, 60, '{}');
INSERT INTO train_travel (travel_id, train_id, route_id, cooperative_id, date_time, description, price, capacity, seat_stat) VALUES (219, 1, 8, 2, '2025-09-22 14:00:00', '', 250000, 60, '{}');
INSERT INTO train_travel (travel_id, train_id, route_id, cooperative_id, date_time, description, price, capacity, seat_stat) VALUES (220, 3, 8, 2, '2025-09-22 10:00:00', '', 200000, 60, '{}');
INSERT INTO train_travel (travel_id, train_id, route_id, cooperative_id, date_time, description, price, capacity, seat_stat) VALUES (221, 2, 9, 2, '2025-09-16 10:00:00', '', 150000, 80, '{}');
INSERT INTO train_travel (travel_id, train_id, route_id, cooperative_id, date_time, description, price, capacity, seat_stat) VALUES (222, 1, 9, 1, '2025-09-16 14:00:00', '', 150000, 60, '{}');
INSERT INTO train_travel (travel_id, train_id, route_id, cooperative_id, date_time, description, price, capacity, seat_stat) VALUES (223, 2, 9, 2, '2025-09-16 10:00:00', '', 250000, 80, '{}');
INSERT INTO train_travel (travel_id, train_id, route_id, cooperative_id, date_time, description, price, capacity, seat_stat) VALUES (224, 1, 9, 2, '2025-09-16 10:00:00', '', 150000, 60, '{}');
INSERT INTO train_travel (travel_id, train_id, route_id, cooperative_id, date_time, description, price, capacity, seat_stat) VALUES (225, 2, 9, 1, '2025-09-17 06:00:00', '', 150000, 80, '{}');
INSERT INTO train_travel (travel_id, train_id, route_id, cooperative_id, date_time, description, price, capacity, seat_stat) VALUES (226, 1, 9, 2, '2025-09-17 06:00:00', '', 300000, 60, '{}');
INSERT INTO train_travel (travel_id, train_id, route_id, cooperative_id, date_time, description, price, capacity, seat_stat) VALUES (227, 2, 9, 2, '2025-09-17 14:00:00', '', 300000, 80, '{}');
INSERT INTO train_travel (travel_id, train_id, route_id, cooperative_id, date_time, description, price, capacity, seat_stat) VALUES (228, 2, 9, 1, '2025-09-18 06:00:00', '', 250000, 80, '{}');
INSERT INTO train_travel (travel_id, train_id, route_id, cooperative_id, date_time, description, price, capacity, seat_stat) VALUES (229, 1, 9, 2, '2025-09-18 14:00:00', '', 150000, 60, '{}');
INSERT INTO train_travel (travel_id, train_id, route_id, cooperative_id, date_time, description, price, capacity, seat_stat) VALUES (230, 1, 9, 1, '2025-09-18 18:00:00', '', 200000, 60, '{}');
INSERT INTO train_travel (travel_id, train_id, route_id, cooperative_id, date_time, description, price, capacity, seat_stat) VALUES (231, 3, 9, 2, '2025-09-18 06:00:00', '', 150000, 60, '{}');
INSERT INTO train_travel (travel_id, train_id, route_id, cooperative_id, date_time, description, price, capacity, seat_stat) VALUES (232, 3, 9, 2, '2025-09-19 14:00:00', '', 200000, 60, '{}');
INSERT INTO train_travel (travel_id, train_id, route_id, cooperative_id, date_time, description, price, capacity, seat_stat) VALUES (233, 2, 9, 1, '2025-09-19 22:00:00', '', 250000, 80, '{}');
INSERT INTO train_travel (travel_id, train_id, route_id, cooperative_id, date_time, description, price, capacity, seat_stat) VALUES (234, 2, 9, 2, '2025-09-19 22:00:00', '', 300000, 80, '{}');
INSERT INTO train_travel (travel_id, train_id, route_id, cooperative_id, date_time, description, price, capacity, seat_stat) VALUES (235, 1, 9, 1, '2025-09-19 14:00:00', '', 300000, 60, '{}');
INSERT INTO train_travel (travel_id, train_id, route_id, cooperative_id, date_time, description, price, capacity, seat_stat) VALUES (236, 1, 9, 2, '2025-09-19 06:00:00', '', 250000, 60, '{}');
INSERT INTO train_travel (travel_id, train_id, route_id, cooperative_id, date_time, description, price, capacity, seat_stat) VALUES (237, 2, 9, 1, '2025-09-20 22:00:00', '', 200000, 80, '{}');
INSERT INTO train_travel (travel_id, train_id, route_id, cooperative_id, date_time, description, price, capacity, seat_stat) VALUES (238, 2, 9, 2, '2025-09-20 18:00:00', '', 250000, 80, '{}');
INSERT INTO train_travel (travel_id, train_id, route_id, cooperative_id, date_time, description, price, capacity, seat_stat) VALUES (239, 3, 9, 1, '2025-09-20 10:00:00', '', 300000, 60, '{}');
INSERT INTO train_travel (travel_id, train_id, route_id, cooperative_id, date_time, description, price, capacity, seat_stat) VALUES (240, 1, 9, 2, '2025-09-21 22:00:00', '', 300000, 60, '{}');
INSERT INTO train_travel (travel_id, train_id, route_id, cooperative_id, date_time, description, price, capacity, seat_stat) VALUES (241, 2, 9, 1, '2025-09-21 10:00:00', '', 200000, 80, '{}');
INSERT INTO train_travel (travel_id, train_id, route_id, cooperative_id, date_time, description, price, capacity, seat_stat) VALUES (242, 2, 9, 1, '2025-09-21 18:00:00', '', 300000, 80, '{}');
INSERT INTO train_travel (travel_id, train_id, route_id, cooperative_id, date_time, description, price, capacity, seat_stat) VALUES (243, 3, 9, 2, '2025-09-22 10:00:00', '', 200000, 60, '{}');
INSERT INTO train_travel (travel_id, train_id, route_id, cooperative_id, date_time, description, price, capacity, seat_stat) VALUES (244, 2, 9, 1, '2025-09-22 14:00:00', '', 200000, 80, '{}');
INSERT INTO train_travel (travel_id, train_id, route_id, cooperative_id, date_time, description, price, capacity, seat_stat) VALUES (245, 2, 9, 2, '2025-09-22 14:00:00', '', 200000, 80, '{}');
INSERT INTO train_travel (travel_id, train_id, route_id, cooperative_id, date_time, description, price, capacity, seat_stat) VALUES (246, 3, 9, 2, '2025-09-22 18:00:00', '', 250000, 60, '{}');
INSERT INTO train_travel (travel_id, train_id, route_id, cooperative_id, date_time, description, price, capacity, seat_stat) VALUES (247, 1, 9, 2, '2025-09-22 06:00:00', '', 200000, 60, '{}');
INSERT INTO train_travel (travel_id, train_id, route_id, cooperative_id, date_time, description, price, capacity, seat_stat) VALUES (248, 3, 10, 2, '2025-09-16 10:00:00', '', 250000, 60, '{}');
INSERT INTO train_travel (travel_id, train_id, route_id, cooperative_id, date_time, description, price, capacity, seat_stat) VALUES (249, 3, 10, 1, '2025-09-16 14:00:00', '', 200000, 60, '{}');
INSERT INTO train_travel (travel_id, train_id, route_id, cooperative_id, date_time, description, price, capacity, seat_stat) VALUES (250, 1, 10, 1, '2025-09-16 18:00:00', '', 200000, 60, '{}');
INSERT INTO train_travel (travel_id, train_id, route_id, cooperative_id, date_time, description, price, capacity, seat_stat) VALUES (251, 2, 10, 2, '2025-09-16 18:00:00', '', 150000, 80, '{}');
INSERT INTO train_travel (travel_id, train_id, route_id, cooperative_id, date_time, description, price, capacity, seat_stat) VALUES (252, 3, 10, 1, '2025-09-16 22:00:00', '', 200000, 60, '{}');
INSERT INTO train_travel (travel_id, train_id, route_id, cooperative_id, date_time, description, price, capacity, seat_stat) VALUES (253, 3, 10, 1, '2025-09-17 10:00:00', '', 250000, 60, '{}');
INSERT INTO train_travel (travel_id, train_id, route_id, cooperative_id, date_time, description, price, capacity, seat_stat) VALUES (254, 1, 10, 1, '2025-09-17 10:00:00', '', 300000, 60, '{}');
INSERT INTO train_travel (travel_id, train_id, route_id, cooperative_id, date_time, description, price, capacity, seat_stat) VALUES (255, 1, 10, 1, '2025-09-17 14:00:00', '', 300000, 60, '{}');
INSERT INTO train_travel (travel_id, train_id, route_id, cooperative_id, date_time, description, price, capacity, seat_stat) VALUES (256, 1, 10, 2, '2025-09-17 22:00:00', '', 250000, 60, '{}');
INSERT INTO train_travel (travel_id, train_id, route_id, cooperative_id, date_time, description, price, capacity, seat_stat) VALUES (257, 1, 10, 2, '2025-09-18 06:00:00', '', 200000, 60, '{}');
INSERT INTO train_travel (travel_id, train_id, route_id, cooperative_id, date_time, description, price, capacity, seat_stat) VALUES (258, 2, 10, 2, '2025-09-18 06:00:00', '', 200000, 80, '{}');
INSERT INTO train_travel (travel_id, train_id, route_id, cooperative_id, date_time, description, price, capacity, seat_stat) VALUES (259, 3, 10, 2, '2025-09-18 06:00:00', '', 150000, 60, '{}');
INSERT INTO train_travel (travel_id, train_id, route_id, cooperative_id, date_time, description, price, capacity, seat_stat) VALUES (260, 3, 10, 2, '2025-09-18 14:00:00', '', 300000, 60, '{}');
INSERT INTO train_travel (travel_id, train_id, route_id, cooperative_id, date_time, description, price, capacity, seat_stat) VALUES (261, 1, 10, 2, '2025-09-19 10:00:00', '', 150000, 60, '{}');
INSERT INTO train_travel (travel_id, train_id, route_id, cooperative_id, date_time, description, price, capacity, seat_stat) VALUES (262, 1, 10, 1, '2025-09-19 06:00:00', '', 300000, 60, '{}');
INSERT INTO train_travel (travel_id, train_id, route_id, cooperative_id, date_time, description, price, capacity, seat_stat) VALUES (263, 1, 10, 1, '2025-09-19 14:00:00', '', 200000, 60, '{}');
INSERT INTO train_travel (travel_id, train_id, route_id, cooperative_id, date_time, description, price, capacity, seat_stat) VALUES (264, 3, 10, 2, '2025-09-19 06:00:00', '', 200000, 60, '{}');
INSERT INTO train_travel (travel_id, train_id, route_id, cooperative_id, date_time, description, price, capacity, seat_stat) VALUES (265, 3, 10, 2, '2025-09-20 10:00:00', '', 250000, 60, '{}');
INSERT INTO train_travel (travel_id, train_id, route_id, cooperative_id, date_time, description, price, capacity, seat_stat) VALUES (266, 1, 10, 1, '2025-09-20 18:00:00', '', 150000, 60, '{}');
INSERT INTO train_travel (travel_id, train_id, route_id, cooperative_id, date_time, description, price, capacity, seat_stat) VALUES (267, 3, 10, 1, '2025-09-20 18:00:00', '', 300000, 60, '{}');
INSERT INTO train_travel (travel_id, train_id, route_id, cooperative_id, date_time, description, price, capacity, seat_stat) VALUES (268, 3, 10, 1, '2025-09-20 10:00:00', '', 300000, 60, '{}');
INSERT INTO train_travel (travel_id, train_id, route_id, cooperative_id, date_time, description, price, capacity, seat_stat) VALUES (269, 1, 10, 1, '2025-09-21 18:00:00', '', 250000, 60, '{}');
INSERT INTO train_travel (travel_id, train_id, route_id, cooperative_id, date_time, description, price, capacity, seat_stat) VALUES (270, 1, 10, 2, '2025-09-21 14:00:00', '', 200000, 60, '{}');
INSERT INTO train_travel (travel_id, train_id, route_id, cooperative_id, date_time, description, price, capacity, seat_stat) VALUES (271, 3, 10, 1, '2025-09-21 22:00:00', '', 150000, 60, '{}');
INSERT INTO train_travel (travel_id, train_id, route_id, cooperative_id, date_time, description, price, capacity, seat_stat) VALUES (272, 3, 10, 1, '2025-09-22 10:00:00', '', 200000, 60, '{}');
INSERT INTO train_travel (travel_id, train_id, route_id, cooperative_id, date_time, description, price, capacity, seat_stat) VALUES (273, 1, 10, 1, '2025-09-22 14:00:00', '', 300000, 60, '{}');
INSERT INTO train_travel (travel_id, train_id, route_id, cooperative_id, date_time, description, price, capacity, seat_stat) VALUES (274, 3, 10, 2, '2025-09-22 10:00:00', '', 150000, 60, '{}');
INSERT INTO train_travel (travel_id, train_id, route_id, cooperative_id, date_time, description, price, capacity, seat_stat) VALUES (275, 2, 11, 2, '2025-09-16 10:00:00', '', 200000, 80, '{}');
INSERT INTO train_travel (travel_id, train_id, route_id, cooperative_id, date_time, description, price, capacity, seat_stat) VALUES (276, 3, 11, 2, '2025-09-16 22:00:00', '', 250000, 60, '{}');
INSERT INTO train_travel (travel_id, train_id, route_id, cooperative_id, date_time, description, price, capacity, seat_stat) VALUES (277, 2, 11, 2, '2025-09-16 10:00:00', '', 200000, 80, '{}');
INSERT INTO train_travel (travel_id, train_id, route_id, cooperative_id, date_time, description, price, capacity, seat_stat) VALUES (278, 3, 11, 2, '2025-09-16 18:00:00', '', 250000, 60, '{}');
INSERT INTO train_travel (travel_id, train_id, route_id, cooperative_id, date_time, description, price, capacity, seat_stat) VALUES (279, 3, 11, 1, '2025-09-16 22:00:00', '', 250000, 60, '{}');
INSERT INTO train_travel (travel_id, train_id, route_id, cooperative_id, date_time, description, price, capacity, seat_stat) VALUES (280, 2, 11, 2, '2025-09-17 22:00:00', '', 300000, 80, '{}');
INSERT INTO train_travel (travel_id, train_id, route_id, cooperative_id, date_time, description, price, capacity, seat_stat) VALUES (281, 1, 11, 2, '2025-09-17 22:00:00', '', 250000, 60, '{}');
INSERT INTO train_travel (travel_id, train_id, route_id, cooperative_id, date_time, description, price, capacity, seat_stat) VALUES (282, 1, 11, 1, '2025-09-17 10:00:00', '', 200000, 60, '{}');
INSERT INTO train_travel (travel_id, train_id, route_id, cooperative_id, date_time, description, price, capacity, seat_stat) VALUES (283, 3, 11, 1, '2025-09-17 22:00:00', '', 300000, 60, '{}');
INSERT INTO train_travel (travel_id, train_id, route_id, cooperative_id, date_time, description, price, capacity, seat_stat) VALUES (284, 3, 11, 1, '2025-09-18 06:00:00', '', 200000, 60, '{}');
INSERT INTO train_travel (travel_id, train_id, route_id, cooperative_id, date_time, description, price, capacity, seat_stat) VALUES (285, 3, 11, 2, '2025-09-18 14:00:00', '', 200000, 60, '{}');
INSERT INTO train_travel (travel_id, train_id, route_id, cooperative_id, date_time, description, price, capacity, seat_stat) VALUES (286, 3, 11, 1, '2025-09-18 22:00:00', '', 150000, 60, '{}');
INSERT INTO train_travel (travel_id, train_id, route_id, cooperative_id, date_time, description, price, capacity, seat_stat) VALUES (287, 3, 11, 1, '2025-09-18 14:00:00', '', 300000, 60, '{}');
INSERT INTO train_travel (travel_id, train_id, route_id, cooperative_id, date_time, description, price, capacity, seat_stat) VALUES (288, 1, 11, 1, '2025-09-19 22:00:00', '', 150000, 60, '{}');
INSERT INTO train_travel (travel_id, train_id, route_id, cooperative_id, date_time, description, price, capacity, seat_stat) VALUES (289, 3, 11, 2, '2025-09-19 22:00:00', '', 250000, 60, '{}');
INSERT INTO train_travel (travel_id, train_id, route_id, cooperative_id, date_time, description, price, capacity, seat_stat) VALUES (290, 3, 11, 2, '2025-09-19 14:00:00', '', 300000, 60, '{}');
INSERT INTO train_travel (travel_id, train_id, route_id, cooperative_id, date_time, description, price, capacity, seat_stat) VALUES (291, 3, 11, 2, '2025-09-19 14:00:00', '', 200000, 60, '{}');
INSERT INTO train_travel (travel_id, train_id, route_id, cooperative_id, date_time, description, price, capacity, seat_stat) VALUES (292, 1, 11, 2, '2025-09-20 14:00:00', '', 200000, 60, '{}');
INSERT INTO train_travel (travel_id, train_id, route_id, cooperative_id, date_time, description, price, capacity, seat_stat) VALUES (293, 3, 11, 1, '2025-09-20 14:00:00', '', 300000, 60, '{}');
INSERT INTO train_travel (travel_id, train_id, route_id, cooperative_id, date_time, description, price, capacity, seat_stat) VALUES (294, 1, 11, 2, '2025-09-20 18:00:00', '', 200000, 60, '{}');
INSERT INTO train_travel (travel_id, train_id, route_id, cooperative_id, date_time, description, price, capacity, seat_stat) VALUES (295, 2, 11, 1, '2025-09-20 10:00:00', '', 250000, 80, '{}');
INSERT INTO train_travel (travel_id, train_id, route_id, cooperative_id, date_time, description, price, capacity, seat_stat) VALUES (296, 3, 11, 2, '2025-09-20 18:00:00', '', 200000, 60, '{}');
INSERT INTO train_travel (travel_id, train_id, route_id, cooperative_id, date_time, description, price, capacity, seat_stat) VALUES (297, 2, 11, 1, '2025-09-21 10:00:00', '', 250000, 80, '{}');
INSERT INTO train_travel (travel_id, train_id, route_id, cooperative_id, date_time, description, price, capacity, seat_stat) VALUES (298, 2, 11, 1, '2025-09-21 06:00:00', '', 150000, 80, '{}');
INSERT INTO train_travel (travel_id, train_id, route_id, cooperative_id, date_time, description, price, capacity, seat_stat) VALUES (299, 1, 11, 1, '2025-09-21 18:00:00', '', 300000, 60, '{}');
INSERT INTO train_travel (travel_id, train_id, route_id, cooperative_id, date_time, description, price, capacity, seat_stat) VALUES (300, 3, 11, 1, '2025-09-21 10:00:00', '', 150000, 60, '{}');
INSERT INTO train_travel (travel_id, train_id, route_id, cooperative_id, date_time, description, price, capacity, seat_stat) VALUES (301, 1, 11, 2, '2025-09-22 18:00:00', '', 200000, 60, '{}');
INSERT INTO train_travel (travel_id, train_id, route_id, cooperative_id, date_time, description, price, capacity, seat_stat) VALUES (302, 3, 11, 2, '2025-09-22 14:00:00', '', 250000, 60, '{}');
INSERT INTO train_travel (travel_id, train_id, route_id, cooperative_id, date_time, description, price, capacity, seat_stat) VALUES (303, 2, 11, 2, '2025-09-22 18:00:00', '', 150000, 80, '{}');
INSERT INTO train_travel (travel_id, train_id, route_id, cooperative_id, date_time, description, price, capacity, seat_stat) VALUES (304, 3, 11, 1, '2025-09-22 18:00:00', '', 200000, 60, '{}');
INSERT INTO train_travel (travel_id, train_id, route_id, cooperative_id, date_time, description, price, capacity, seat_stat) VALUES (305, 2, 11, 2, '2025-09-22 10:00:00', '', 250000, 80, '{}');
INSERT INTO train_travel (travel_id, train_id, route_id, cooperative_id, date_time, description, price, capacity, seat_stat) VALUES (306, 3, 12, 1, '2025-09-16 18:00:00', '', 200000, 60, '{}');
INSERT INTO train_travel (travel_id, train_id, route_id, cooperative_id, date_time, description, price, capacity, seat_stat) VALUES (307, 3, 12, 2, '2025-09-16 18:00:00', '', 150000, 60, '{}');
INSERT INTO train_travel (travel_id, train_id, route_id, cooperative_id, date_time, description, price, capacity, seat_stat) VALUES (308, 1, 12, 1, '2025-09-16 06:00:00', '', 300000, 60, '{}');
INSERT INTO train_travel (travel_id, train_id, route_id, cooperative_id, date_time, description, price, capacity, seat_stat) VALUES (309, 1, 12, 1, '2025-09-16 06:00:00', '', 300000, 60, '{}');
INSERT INTO train_travel (travel_id, train_id, route_id, cooperative_id, date_time, description, price, capacity, seat_stat) VALUES (310, 1, 12, 2, '2025-09-16 14:00:00', '', 300000, 60, '{}');
INSERT INTO train_travel (travel_id, train_id, route_id, cooperative_id, date_time, description, price, capacity, seat_stat) VALUES (311, 1, 12, 2, '2025-09-17 10:00:00', '', 150000, 60, '{}');
INSERT INTO train_travel (travel_id, train_id, route_id, cooperative_id, date_time, description, price, capacity, seat_stat) VALUES (312, 2, 12, 1, '2025-09-17 14:00:00', '', 200000, 80, '{}');
INSERT INTO train_travel (travel_id, train_id, route_id, cooperative_id, date_time, description, price, capacity, seat_stat) VALUES (313, 1, 12, 2, '2025-09-17 22:00:00', '', 150000, 60, '{}');
INSERT INTO train_travel (travel_id, train_id, route_id, cooperative_id, date_time, description, price, capacity, seat_stat) VALUES (314, 1, 12, 2, '2025-09-18 18:00:00', '', 200000, 60, '{}');
INSERT INTO train_travel (travel_id, train_id, route_id, cooperative_id, date_time, description, price, capacity, seat_stat) VALUES (315, 3, 12, 2, '2025-09-18 18:00:00', '', 300000, 60, '{}');
INSERT INTO train_travel (travel_id, train_id, route_id, cooperative_id, date_time, description, price, capacity, seat_stat) VALUES (316, 1, 12, 1, '2025-09-18 22:00:00', '', 200000, 60, '{}');
INSERT INTO train_travel (travel_id, train_id, route_id, cooperative_id, date_time, description, price, capacity, seat_stat) VALUES (317, 2, 12, 1, '2025-09-18 22:00:00', '', 200000, 80, '{}');
INSERT INTO train_travel (travel_id, train_id, route_id, cooperative_id, date_time, description, price, capacity, seat_stat) VALUES (318, 1, 12, 2, '2025-09-18 10:00:00', '', 150000, 60, '{}');
INSERT INTO train_travel (travel_id, train_id, route_id, cooperative_id, date_time, description, price, capacity, seat_stat) VALUES (319, 2, 12, 1, '2025-09-19 18:00:00', '', 250000, 80, '{}');
INSERT INTO train_travel (travel_id, train_id, route_id, cooperative_id, date_time, description, price, capacity, seat_stat) VALUES (320, 1, 12, 2, '2025-09-19 18:00:00', '', 200000, 60, '{}');
INSERT INTO train_travel (travel_id, train_id, route_id, cooperative_id, date_time, description, price, capacity, seat_stat) VALUES (321, 2, 12, 2, '2025-09-19 22:00:00', '', 300000, 80, '{}');
INSERT INTO train_travel (travel_id, train_id, route_id, cooperative_id, date_time, description, price, capacity, seat_stat) VALUES (322, 3, 12, 2, '2025-09-20 06:00:00', '', 200000, 60, '{}');
INSERT INTO train_travel (travel_id, train_id, route_id, cooperative_id, date_time, description, price, capacity, seat_stat) VALUES (323, 2, 12, 1, '2025-09-20 14:00:00', '', 300000, 80, '{}');
INSERT INTO train_travel (travel_id, train_id, route_id, cooperative_id, date_time, description, price, capacity, seat_stat) VALUES (324, 3, 12, 1, '2025-09-20 10:00:00', '', 250000, 60, '{}');
INSERT INTO train_travel (travel_id, train_id, route_id, cooperative_id, date_time, description, price, capacity, seat_stat) VALUES (325, 1, 12, 1, '2025-09-20 06:00:00', '', 150000, 60, '{}');
INSERT INTO train_travel (travel_id, train_id, route_id, cooperative_id, date_time, description, price, capacity, seat_stat) VALUES (326, 1, 12, 1, '2025-09-21 22:00:00', '', 150000, 60, '{}');
INSERT INTO train_travel (travel_id, train_id, route_id, cooperative_id, date_time, description, price, capacity, seat_stat) VALUES (327, 2, 12, 2, '2025-09-21 14:00:00', '', 150000, 80, '{}');
INSERT INTO train_travel (travel_id, train_id, route_id, cooperative_id, date_time, description, price, capacity, seat_stat) VALUES (328, 3, 12, 2, '2025-09-21 14:00:00', '', 300000, 60, '{}');
INSERT INTO train_travel (travel_id, train_id, route_id, cooperative_id, date_time, description, price, capacity, seat_stat) VALUES (329, 1, 12, 2, '2025-09-21 10:00:00', '', 300000, 60, '{}');
INSERT INTO train_travel (travel_id, train_id, route_id, cooperative_id, date_time, description, price, capacity, seat_stat) VALUES (330, 3, 12, 2, '2025-09-22 10:00:00', '', 150000, 60, '{}');
INSERT INTO train_travel (travel_id, train_id, route_id, cooperative_id, date_time, description, price, capacity, seat_stat) VALUES (331, 3, 12, 2, '2025-09-22 14:00:00', '', 250000, 60, '{}');
INSERT INTO train_travel (travel_id, train_id, route_id, cooperative_id, date_time, description, price, capacity, seat_stat) VALUES (332, 2, 12, 1, '2025-09-22 06:00:00', '', 200000, 80, '{}');
INSERT INTO train_travel (travel_id, train_id, route_id, cooperative_id, date_time, description, price, capacity, seat_stat) VALUES (333, 2, 12, 1, '2025-09-22 10:00:00', '', 300000, 80, '{}');
INSERT INTO train_travel (travel_id, train_id, route_id, cooperative_id, date_time, description, price, capacity, seat_stat) VALUES (334, 1, 13, 1, '2025-09-16 10:00:00', '', 150000, 60, '{}');
INSERT INTO train_travel (travel_id, train_id, route_id, cooperative_id, date_time, description, price, capacity, seat_stat) VALUES (335, 3, 13, 1, '2025-09-16 06:00:00', '', 300000, 60, '{}');
INSERT INTO train_travel (travel_id, train_id, route_id, cooperative_id, date_time, description, price, capacity, seat_stat) VALUES (336, 1, 13, 2, '2025-09-16 22:00:00', '', 250000, 60, '{}');
INSERT INTO train_travel (travel_id, train_id, route_id, cooperative_id, date_time, description, price, capacity, seat_stat) VALUES (337, 1, 13, 2, '2025-09-17 18:00:00', '', 250000, 60, '{}');
INSERT INTO train_travel (travel_id, train_id, route_id, cooperative_id, date_time, description, price, capacity, seat_stat) VALUES (338, 3, 13, 1, '2025-09-17 22:00:00', '', 150000, 60, '{}');
INSERT INTO train_travel (travel_id, train_id, route_id, cooperative_id, date_time, description, price, capacity, seat_stat) VALUES (339, 1, 13, 2, '2025-09-17 10:00:00', '', 200000, 60, '{}');
INSERT INTO train_travel (travel_id, train_id, route_id, cooperative_id, date_time, description, price, capacity, seat_stat) VALUES (340, 3, 13, 2, '2025-09-17 06:00:00', '', 200000, 60, '{}');
INSERT INTO train_travel (travel_id, train_id, route_id, cooperative_id, date_time, description, price, capacity, seat_stat) VALUES (341, 2, 13, 2, '2025-09-17 18:00:00', '', 200000, 80, '{}');
INSERT INTO train_travel (travel_id, train_id, route_id, cooperative_id, date_time, description, price, capacity, seat_stat) VALUES (342, 3, 13, 1, '2025-09-18 06:00:00', '', 150000, 60, '{}');
INSERT INTO train_travel (travel_id, train_id, route_id, cooperative_id, date_time, description, price, capacity, seat_stat) VALUES (343, 2, 13, 1, '2025-09-18 10:00:00', '', 150000, 80, '{}');
INSERT INTO train_travel (travel_id, train_id, route_id, cooperative_id, date_time, description, price, capacity, seat_stat) VALUES (344, 2, 13, 2, '2025-09-18 18:00:00', '', 250000, 80, '{}');
INSERT INTO train_travel (travel_id, train_id, route_id, cooperative_id, date_time, description, price, capacity, seat_stat) VALUES (345, 1, 13, 1, '2025-09-18 22:00:00', '', 150000, 60, '{}');
INSERT INTO train_travel (travel_id, train_id, route_id, cooperative_id, date_time, description, price, capacity, seat_stat) VALUES (346, 1, 13, 2, '2025-09-18 10:00:00', '', 300000, 60, '{}');
INSERT INTO train_travel (travel_id, train_id, route_id, cooperative_id, date_time, description, price, capacity, seat_stat) VALUES (347, 1, 13, 1, '2025-09-19 06:00:00', '', 150000, 60, '{}');
INSERT INTO train_travel (travel_id, train_id, route_id, cooperative_id, date_time, description, price, capacity, seat_stat) VALUES (348, 1, 13, 1, '2025-09-19 22:00:00', '', 250000, 60, '{}');
INSERT INTO train_travel (travel_id, train_id, route_id, cooperative_id, date_time, description, price, capacity, seat_stat) VALUES (349, 1, 13, 1, '2025-09-19 18:00:00', '', 200000, 60, '{}');
INSERT INTO train_travel (travel_id, train_id, route_id, cooperative_id, date_time, description, price, capacity, seat_stat) VALUES (350, 3, 13, 1, '2025-09-19 10:00:00', '', 150000, 60, '{}');
INSERT INTO train_travel (travel_id, train_id, route_id, cooperative_id, date_time, description, price, capacity, seat_stat) VALUES (351, 1, 13, 1, '2025-09-20 18:00:00', '', 150000, 60, '{}');
INSERT INTO train_travel (travel_id, train_id, route_id, cooperative_id, date_time, description, price, capacity, seat_stat) VALUES (352, 3, 13, 1, '2025-09-20 22:00:00', '', 150000, 60, '{}');
INSERT INTO train_travel (travel_id, train_id, route_id, cooperative_id, date_time, description, price, capacity, seat_stat) VALUES (353, 3, 13, 2, '2025-09-20 18:00:00', '', 150000, 60, '{}');
INSERT INTO train_travel (travel_id, train_id, route_id, cooperative_id, date_time, description, price, capacity, seat_stat) VALUES (354, 2, 13, 1, '2025-09-20 22:00:00', '', 150000, 80, '{}');
INSERT INTO train_travel (travel_id, train_id, route_id, cooperative_id, date_time, description, price, capacity, seat_stat) VALUES (355, 3, 13, 1, '2025-09-21 06:00:00', '', 300000, 60, '{}');
INSERT INTO train_travel (travel_id, train_id, route_id, cooperative_id, date_time, description, price, capacity, seat_stat) VALUES (356, 1, 13, 1, '2025-09-21 10:00:00', '', 200000, 60, '{}');
INSERT INTO train_travel (travel_id, train_id, route_id, cooperative_id, date_time, description, price, capacity, seat_stat) VALUES (357, 1, 13, 2, '2025-09-21 10:00:00', '', 250000, 60, '{}');
INSERT INTO train_travel (travel_id, train_id, route_id, cooperative_id, date_time, description, price, capacity, seat_stat) VALUES (358, 1, 13, 1, '2025-09-21 10:00:00', '', 150000, 60, '{}');
INSERT INTO train_travel (travel_id, train_id, route_id, cooperative_id, date_time, description, price, capacity, seat_stat) VALUES (359, 1, 13, 1, '2025-09-21 10:00:00', '', 150000, 60, '{}');
INSERT INTO train_travel (travel_id, train_id, route_id, cooperative_id, date_time, description, price, capacity, seat_stat) VALUES (360, 1, 13, 2, '2025-09-22 22:00:00', '', 300000, 60, '{}');
INSERT INTO train_travel (travel_id, train_id, route_id, cooperative_id, date_time, description, price, capacity, seat_stat) VALUES (361, 1, 13, 1, '2025-09-22 06:00:00', '', 150000, 60, '{}');
INSERT INTO train_travel (travel_id, train_id, route_id, cooperative_id, date_time, description, price, capacity, seat_stat) VALUES (362, 2, 13, 2, '2025-09-22 18:00:00', '', 250000, 80, '{}');
INSERT INTO train_travel (travel_id, train_id, route_id, cooperative_id, date_time, description, price, capacity, seat_stat) VALUES (363, 3, 14, 1, '2025-09-16 18:00:00', '', 300000, 60, '{}');
INSERT INTO train_travel (travel_id, train_id, route_id, cooperative_id, date_time, description, price, capacity, seat_stat) VALUES (364, 3, 14, 2, '2025-09-16 10:00:00', '', 250000, 60, '{}');
INSERT INTO train_travel (travel_id, train_id, route_id, cooperative_id, date_time, description, price, capacity, seat_stat) VALUES (365, 1, 14, 1, '2025-09-16 06:00:00', '', 300000, 60, '{}');
INSERT INTO train_travel (travel_id, train_id, route_id, cooperative_id, date_time, description, price, capacity, seat_stat) VALUES (366, 3, 14, 1, '2025-09-16 22:00:00', '', 300000, 60, '{}');
INSERT INTO train_travel (travel_id, train_id, route_id, cooperative_id, date_time, description, price, capacity, seat_stat) VALUES (367, 1, 14, 1, '2025-09-17 14:00:00', '', 300000, 60, '{}');
INSERT INTO train_travel (travel_id, train_id, route_id, cooperative_id, date_time, description, price, capacity, seat_stat) VALUES (368, 2, 14, 2, '2025-09-17 22:00:00', '', 150000, 80, '{}');
INSERT INTO train_travel (travel_id, train_id, route_id, cooperative_id, date_time, description, price, capacity, seat_stat) VALUES (369, 1, 14, 2, '2025-09-17 10:00:00', '', 150000, 60, '{}');
INSERT INTO train_travel (travel_id, train_id, route_id, cooperative_id, date_time, description, price, capacity, seat_stat) VALUES (370, 2, 14, 1, '2025-09-17 06:00:00', '', 300000, 80, '{}');
INSERT INTO train_travel (travel_id, train_id, route_id, cooperative_id, date_time, description, price, capacity, seat_stat) VALUES (371, 3, 14, 1, '2025-09-17 18:00:00', '', 200000, 60, '{}');
INSERT INTO train_travel (travel_id, train_id, route_id, cooperative_id, date_time, description, price, capacity, seat_stat) VALUES (372, 2, 14, 2, '2025-09-18 10:00:00', '', 200000, 80, '{}');
INSERT INTO train_travel (travel_id, train_id, route_id, cooperative_id, date_time, description, price, capacity, seat_stat) VALUES (373, 2, 14, 1, '2025-09-18 22:00:00', '', 250000, 80, '{}');
INSERT INTO train_travel (travel_id, train_id, route_id, cooperative_id, date_time, description, price, capacity, seat_stat) VALUES (374, 2, 14, 1, '2025-09-18 14:00:00', '', 300000, 80, '{}');
INSERT INTO train_travel (travel_id, train_id, route_id, cooperative_id, date_time, description, price, capacity, seat_stat) VALUES (375, 2, 14, 2, '2025-09-19 14:00:00', '', 150000, 80, '{}');
INSERT INTO train_travel (travel_id, train_id, route_id, cooperative_id, date_time, description, price, capacity, seat_stat) VALUES (376, 2, 14, 2, '2025-09-19 22:00:00', '', 250000, 80, '{}');
INSERT INTO train_travel (travel_id, train_id, route_id, cooperative_id, date_time, description, price, capacity, seat_stat) VALUES (377, 3, 14, 1, '2025-09-19 06:00:00', '', 150000, 60, '{}');
INSERT INTO train_travel (travel_id, train_id, route_id, cooperative_id, date_time, description, price, capacity, seat_stat) VALUES (378, 3, 14, 1, '2025-09-19 22:00:00', '', 250000, 60, '{}');
INSERT INTO train_travel (travel_id, train_id, route_id, cooperative_id, date_time, description, price, capacity, seat_stat) VALUES (379, 3, 14, 2, '2025-09-19 10:00:00', '', 200000, 60, '{}');
INSERT INTO train_travel (travel_id, train_id, route_id, cooperative_id, date_time, description, price, capacity, seat_stat) VALUES (380, 3, 14, 2, '2025-09-20 10:00:00', '', 250000, 60, '{}');
INSERT INTO train_travel (travel_id, train_id, route_id, cooperative_id, date_time, description, price, capacity, seat_stat) VALUES (381, 2, 14, 2, '2025-09-20 10:00:00', '', 250000, 80, '{}');
INSERT INTO train_travel (travel_id, train_id, route_id, cooperative_id, date_time, description, price, capacity, seat_stat) VALUES (382, 2, 14, 2, '2025-09-20 06:00:00', '', 250000, 80, '{}');
INSERT INTO train_travel (travel_id, train_id, route_id, cooperative_id, date_time, description, price, capacity, seat_stat) VALUES (383, 2, 14, 1, '2025-09-20 22:00:00', '', 150000, 80, '{}');
INSERT INTO train_travel (travel_id, train_id, route_id, cooperative_id, date_time, description, price, capacity, seat_stat) VALUES (384, 2, 14, 2, '2025-09-21 10:00:00', '', 250000, 80, '{}');
INSERT INTO train_travel (travel_id, train_id, route_id, cooperative_id, date_time, description, price, capacity, seat_stat) VALUES (385, 3, 14, 2, '2025-09-21 10:00:00', '', 200000, 60, '{}');
INSERT INTO train_travel (travel_id, train_id, route_id, cooperative_id, date_time, description, price, capacity, seat_stat) VALUES (386, 1, 14, 1, '2025-09-21 18:00:00', '', 150000, 60, '{}');
INSERT INTO train_travel (travel_id, train_id, route_id, cooperative_id, date_time, description, price, capacity, seat_stat) VALUES (387, 1, 14, 1, '2025-09-22 10:00:00', '', 150000, 60, '{}');
INSERT INTO train_travel (travel_id, train_id, route_id, cooperative_id, date_time, description, price, capacity, seat_stat) VALUES (388, 2, 14, 2, '2025-09-22 18:00:00', '', 300000, 80, '{}');
INSERT INTO train_travel (travel_id, train_id, route_id, cooperative_id, date_time, description, price, capacity, seat_stat) VALUES (389, 1, 14, 1, '2025-09-22 22:00:00', '', 300000, 60, '{}');
INSERT INTO train_travel (travel_id, train_id, route_id, cooperative_id, date_time, description, price, capacity, seat_stat) VALUES (390, 3, 14, 2, '2025-09-22 06:00:00', '', 250000, 60, '{}');
INSERT INTO train_travel (travel_id, train_id, route_id, cooperative_id, date_time, description, price, capacity, seat_stat) VALUES (391, 3, 15, 1, '2025-09-16 06:00:00', '', 300000, 60, '{}');
INSERT INTO train_travel (travel_id, train_id, route_id, cooperative_id, date_time, description, price, capacity, seat_stat) VALUES (392, 3, 15, 1, '2025-09-16 22:00:00', '', 300000, 60, '{}');
INSERT INTO train_travel (travel_id, train_id, route_id, cooperative_id, date_time, description, price, capacity, seat_stat) VALUES (393, 3, 15, 1, '2025-09-16 22:00:00', '', 200000, 60, '{}');
INSERT INTO train_travel (travel_id, train_id, route_id, cooperative_id, date_time, description, price, capacity, seat_stat) VALUES (394, 2, 15, 1, '2025-09-17 22:00:00', '', 200000, 80, '{}');
INSERT INTO train_travel (travel_id, train_id, route_id, cooperative_id, date_time, description, price, capacity, seat_stat) VALUES (395, 3, 15, 2, '2025-09-17 06:00:00', '', 200000, 60, '{}');
INSERT INTO train_travel (travel_id, train_id, route_id, cooperative_id, date_time, description, price, capacity, seat_stat) VALUES (396, 3, 15, 2, '2025-09-17 18:00:00', '', 200000, 60, '{}');
INSERT INTO train_travel (travel_id, train_id, route_id, cooperative_id, date_time, description, price, capacity, seat_stat) VALUES (397, 1, 15, 1, '2025-09-18 06:00:00', '', 150000, 60, '{}');
INSERT INTO train_travel (travel_id, train_id, route_id, cooperative_id, date_time, description, price, capacity, seat_stat) VALUES (398, 1, 15, 2, '2025-09-18 14:00:00', '', 300000, 60, '{}');
INSERT INTO train_travel (travel_id, train_id, route_id, cooperative_id, date_time, description, price, capacity, seat_stat) VALUES (399, 3, 15, 1, '2025-09-18 18:00:00', '', 200000, 60, '{}');
INSERT INTO train_travel (travel_id, train_id, route_id, cooperative_id, date_time, description, price, capacity, seat_stat) VALUES (400, 2, 15, 1, '2025-09-18 18:00:00', '', 200000, 80, '{}');
INSERT INTO train_travel (travel_id, train_id, route_id, cooperative_id, date_time, description, price, capacity, seat_stat) VALUES (401, 1, 15, 1, '2025-09-18 10:00:00', '', 200000, 60, '{}');
INSERT INTO train_travel (travel_id, train_id, route_id, cooperative_id, date_time, description, price, capacity, seat_stat) VALUES (402, 3, 15, 1, '2025-09-19 14:00:00', '', 150000, 60, '{}');
INSERT INTO train_travel (travel_id, train_id, route_id, cooperative_id, date_time, description, price, capacity, seat_stat) VALUES (403, 1, 15, 2, '2025-09-19 10:00:00', '', 150000, 60, '{}');
INSERT INTO train_travel (travel_id, train_id, route_id, cooperative_id, date_time, description, price, capacity, seat_stat) VALUES (404, 2, 15, 2, '2025-09-19 18:00:00', '', 300000, 80, '{}');
INSERT INTO train_travel (travel_id, train_id, route_id, cooperative_id, date_time, description, price, capacity, seat_stat) VALUES (405, 1, 15, 1, '2025-09-19 14:00:00', '', 200000, 60, '{}');
INSERT INTO train_travel (travel_id, train_id, route_id, cooperative_id, date_time, description, price, capacity, seat_stat) VALUES (406, 2, 15, 1, '2025-09-20 22:00:00', '', 300000, 80, '{}');
INSERT INTO train_travel (travel_id, train_id, route_id, cooperative_id, date_time, description, price, capacity, seat_stat) VALUES (407, 2, 15, 1, '2025-09-20 22:00:00', '', 300000, 80, '{}');
INSERT INTO train_travel (travel_id, train_id, route_id, cooperative_id, date_time, description, price, capacity, seat_stat) VALUES (408, 1, 15, 2, '2025-09-20 10:00:00', '', 300000, 60, '{}');
INSERT INTO train_travel (travel_id, train_id, route_id, cooperative_id, date_time, description, price, capacity, seat_stat) VALUES (409, 3, 15, 1, '2025-09-20 10:00:00', '', 200000, 60, '{}');
INSERT INTO train_travel (travel_id, train_id, route_id, cooperative_id, date_time, description, price, capacity, seat_stat) VALUES (410, 3, 15, 1, '2025-09-20 18:00:00', '', 300000, 60, '{}');
INSERT INTO train_travel (travel_id, train_id, route_id, cooperative_id, date_time, description, price, capacity, seat_stat) VALUES (411, 3, 15, 2, '2025-09-21 22:00:00', '', 300000, 60, '{}');
INSERT INTO train_travel (travel_id, train_id, route_id, cooperative_id, date_time, description, price, capacity, seat_stat) VALUES (412, 1, 15, 1, '2025-09-21 22:00:00', '', 150000, 60, '{}');
INSERT INTO train_travel (travel_id, train_id, route_id, cooperative_id, date_time, description, price, capacity, seat_stat) VALUES (413, 1, 15, 1, '2025-09-21 22:00:00', '', 150000, 60, '{}');
INSERT INTO train_travel (travel_id, train_id, route_id, cooperative_id, date_time, description, price, capacity, seat_stat) VALUES (414, 2, 15, 2, '2025-09-21 22:00:00', '', 200000, 80, '{}');
INSERT INTO train_travel (travel_id, train_id, route_id, cooperative_id, date_time, description, price, capacity, seat_stat) VALUES (415, 2, 15, 1, '2025-09-21 18:00:00', '', 300000, 80, '{}');
INSERT INTO train_travel (travel_id, train_id, route_id, cooperative_id, date_time, description, price, capacity, seat_stat) VALUES (416, 3, 15, 1, '2025-09-22 18:00:00', '', 250000, 60, '{}');
INSERT INTO train_travel (travel_id, train_id, route_id, cooperative_id, date_time, description, price, capacity, seat_stat) VALUES (417, 1, 15, 1, '2025-09-22 14:00:00', '', 200000, 60, '{}');
INSERT INTO train_travel (travel_id, train_id, route_id, cooperative_id, date_time, description, price, capacity, seat_stat) VALUES (418, 3, 15, 1, '2025-09-22 22:00:00', '', 250000, 60, '{}');
INSERT INTO train_travel (travel_id, train_id, route_id, cooperative_id, date_time, description, price, capacity, seat_stat) VALUES (419, 2, 15, 2, '2025-09-22 22:00:00', '', 300000, 80, '{}');
INSERT INTO train_travel (travel_id, train_id, route_id, cooperative_id, date_time, description, price, capacity, seat_stat) VALUES (420, 3, 16, 2, '2025-09-16 22:00:00', '', 150000, 60, '{}');
INSERT INTO train_travel (travel_id, train_id, route_id, cooperative_id, date_time, description, price, capacity, seat_stat) VALUES (421, 1, 16, 1, '2025-09-16 18:00:00', '', 200000, 60, '{}');
INSERT INTO train_travel (travel_id, train_id, route_id, cooperative_id, date_time, description, price, capacity, seat_stat) VALUES (422, 2, 16, 1, '2025-09-16 06:00:00', '', 150000, 80, '{}');
INSERT INTO train_travel (travel_id, train_id, route_id, cooperative_id, date_time, description, price, capacity, seat_stat) VALUES (423, 3, 16, 2, '2025-09-16 18:00:00', '', 300000, 60, '{}');
INSERT INTO train_travel (travel_id, train_id, route_id, cooperative_id, date_time, description, price, capacity, seat_stat) VALUES (424, 1, 16, 2, '2025-09-16 10:00:00', '', 250000, 60, '{}');
INSERT INTO train_travel (travel_id, train_id, route_id, cooperative_id, date_time, description, price, capacity, seat_stat) VALUES (425, 2, 16, 1, '2025-09-17 06:00:00', '', 200000, 80, '{}');
INSERT INTO train_travel (travel_id, train_id, route_id, cooperative_id, date_time, description, price, capacity, seat_stat) VALUES (426, 3, 16, 2, '2025-09-17 18:00:00', '', 250000, 60, '{}');
INSERT INTO train_travel (travel_id, train_id, route_id, cooperative_id, date_time, description, price, capacity, seat_stat) VALUES (427, 2, 16, 2, '2025-09-17 18:00:00', '', 150000, 80, '{}');
INSERT INTO train_travel (travel_id, train_id, route_id, cooperative_id, date_time, description, price, capacity, seat_stat) VALUES (428, 2, 16, 2, '2025-09-18 10:00:00', '', 250000, 80, '{}');
INSERT INTO train_travel (travel_id, train_id, route_id, cooperative_id, date_time, description, price, capacity, seat_stat) VALUES (429, 1, 16, 1, '2025-09-18 10:00:00', '', 150000, 60, '{}');
INSERT INTO train_travel (travel_id, train_id, route_id, cooperative_id, date_time, description, price, capacity, seat_stat) VALUES (430, 1, 16, 1, '2025-09-18 18:00:00', '', 150000, 60, '{}');
INSERT INTO train_travel (travel_id, train_id, route_id, cooperative_id, date_time, description, price, capacity, seat_stat) VALUES (431, 1, 16, 1, '2025-09-18 10:00:00', '', 300000, 60, '{}');
INSERT INTO train_travel (travel_id, train_id, route_id, cooperative_id, date_time, description, price, capacity, seat_stat) VALUES (432, 2, 16, 2, '2025-09-19 22:00:00', '', 200000, 80, '{}');
INSERT INTO train_travel (travel_id, train_id, route_id, cooperative_id, date_time, description, price, capacity, seat_stat) VALUES (433, 2, 16, 2, '2025-09-19 18:00:00', '', 200000, 80, '{}');
INSERT INTO train_travel (travel_id, train_id, route_id, cooperative_id, date_time, description, price, capacity, seat_stat) VALUES (434, 3, 16, 2, '2025-09-19 22:00:00', '', 250000, 60, '{}');
INSERT INTO train_travel (travel_id, train_id, route_id, cooperative_id, date_time, description, price, capacity, seat_stat) VALUES (435, 1, 16, 2, '2025-09-20 22:00:00', '', 200000, 60, '{}');
INSERT INTO train_travel (travel_id, train_id, route_id, cooperative_id, date_time, description, price, capacity, seat_stat) VALUES (436, 1, 16, 2, '2025-09-20 22:00:00', '', 300000, 60, '{}');
INSERT INTO train_travel (travel_id, train_id, route_id, cooperative_id, date_time, description, price, capacity, seat_stat) VALUES (437, 3, 16, 2, '2025-09-20 22:00:00', '', 300000, 60, '{}');
INSERT INTO train_travel (travel_id, train_id, route_id, cooperative_id, date_time, description, price, capacity, seat_stat) VALUES (438, 2, 16, 1, '2025-09-21 06:00:00', '', 300000, 80, '{}');
INSERT INTO train_travel (travel_id, train_id, route_id, cooperative_id, date_time, description, price, capacity, seat_stat) VALUES (439, 2, 16, 1, '2025-09-21 22:00:00', '', 150000, 80, '{}');
INSERT INTO train_travel (travel_id, train_id, route_id, cooperative_id, date_time, description, price, capacity, seat_stat) VALUES (440, 1, 16, 1, '2025-09-21 10:00:00', '', 150000, 60, '{}');
INSERT INTO train_travel (travel_id, train_id, route_id, cooperative_id, date_time, description, price, capacity, seat_stat) VALUES (441, 1, 16, 1, '2025-09-22 22:00:00', '', 200000, 60, '{}');
INSERT INTO train_travel (travel_id, train_id, route_id, cooperative_id, date_time, description, price, capacity, seat_stat) VALUES (442, 3, 16, 2, '2025-09-22 18:00:00', '', 150000, 60, '{}');
INSERT INTO train_travel (travel_id, train_id, route_id, cooperative_id, date_time, description, price, capacity, seat_stat) VALUES (443, 3, 16, 1, '2025-09-22 06:00:00', '', 150000, 60, '{}');
INSERT INTO train_travel (travel_id, train_id, route_id, cooperative_id, date_time, description, price, capacity, seat_stat) VALUES (444, 3, 16, 1, '2025-09-22 14:00:00', '', 150000, 60, '{}');
INSERT INTO train_travel (travel_id, train_id, route_id, cooperative_id, date_time, description, price, capacity, seat_stat) VALUES (445, 3, 16, 2, '2025-09-22 22:00:00', '', 150000, 60, '{}');